schema,function_name,signature,owner,language,security_mode,execute_acl,primary_classification,repository_callers,database_callers,calls_functions,trigger_view_policy_dependency,cron_dependency,railway_usage,application_usage,tables_read,tables_written,financial_or_security_risk,duplicate_in_railway,confidence,evidence_notes,recommended_action
game_core,api_get_room_state,game_core.api_get_room_state(p_room_id uuid),postgres,sql,SECURITY INVOKER,"{=X/postgres,postgres=X/postgres,service_role=X/postgres}",A. KEEP_RAILWAY_TRANSACTION_PRIMITIVE,game-engine,,,,,yes,no,(see definition; not fully parsed this pass),(see definition; not fully parsed this pass),no,no,high,game-engine .rpc,KEEP
game_core,fn_cancel_waiting_room_single,"game_core.fn_cancel_waiting_room_single(p_room uuid, p_actor uuid, p_reason text, p_require_single_player boolean, p_now timestamp with time zone)",postgres,plpgsql,SECURITY DEFINER,"{=X/postgres,postgres=X/postgres,service_role=X/postgres}",B. KEEP_APPLICATION_RPC,none_found,,,,,no,likely,(see definition; not fully parsed this pass),(see definition; not fully parsed this pass),no,no,medium,product helper,KEEP
game_core,fn_cancel_waiting_rooms,"game_core.fn_cancel_waiting_rooms(p_room uuid, p_by_admin boolean)",postgres,plpgsql,SECURITY INVOKER,"{=X/postgres,postgres=X/postgres,anon=X/postgres,authenticated=X/postgres,service_role=X/postgres}",B. KEEP_APPLICATION_RPC,none_found,,,,,no,likely,(see definition; not fully parsed this pass),(see definition; not fully parsed this pass),no,no,medium,product helper,KEEP
game_core,fn_cancel_waiting_rooms,"game_core.fn_cancel_waiting_rooms(p_room uuid, p_by_admin boolean, p_requester uuid)",postgres,plpgsql,SECURITY DEFINER,"{=X/postgres,postgres=X/postgres,service_role=X/postgres}",B. KEEP_APPLICATION_RPC,none_found,,,,,no,likely,(see definition; not fully parsed this pass),(see definition; not fully parsed this pass),no,no,medium,product helper,KEEP
game_core,fn_confirm_win,"game_core.fn_confirm_win(p_room_id uuid, p_ticket_id uuid, p_type text)",postgres,plpgsql,SECURITY INVOKER,"{=X/postgres,postgres=X/postgres,anon=X/postgres,authenticated=X/postgres,service_role=X/postgres}",G. CANDIDATE_UNUSED_NEEDS_VALIDATION,none_found,,,,,no,no,(see definition; not fully parsed this pass),(see definition; not fully parsed this pass),no,no,low,insufficient evidence for CONFIRMED_UNUSED,ACL_REVIEW
game_core,fn_ensure_waiting_started_at,"game_core.fn_ensure_waiting_started_at(p_room uuid, p_now timestamp with time zone)",postgres,plpgsql,SECURITY DEFINER,NULL,A. KEEP_RAILWAY_TRANSACTION_PRIMITIVE,none_found,,,,,indirect SoR,indirect,(see definition; not fully parsed this pass),(see definition; not fully parsed this pass),no,no,medium,room/join SoR helper,KEEP
game_core,fn_evaluate_room_after_draw,"game_core.fn_evaluate_room_after_draw(p_room uuid, p_draw integer)",postgres,plpgsql,SECURITY INVOKER,"{=X/postgres,postgres=X/postgres,anon=X/postgres,authenticated=X/postgres,service_role=X/postgres}",A. KEEP_RAILWAY_TRANSACTION_PRIMITIVE,game-engine,janitor_repair; rpc_apply_marks; batch workers,,,,yes,no,(see definition; not fully parsed this pass),(see definition; not fully parsed this pass),no,yes TS port/mirror,high,game-engine .rpc,KEEP
game_core,fn_force_cancel_waiting_room,"game_core.fn_force_cancel_waiting_room(p_room uuid, p_reason text, p_now timestamp with time zone)",postgres,plpgsql,SECURITY DEFINER,NULL,C. KEEP_MAINTENANCE,none_found,fn_janitor_sweep,,,,no,no,(see definition; not fully parsed this pass),(see definition; not fully parsed this pass),no,no,medium,maintenance/pool helper,KEEP
game_core,fn_generate_card_pool,"game_core.fn_generate_card_pool(p_card_count integer, p_created_by uuid, p_prng_version text)",postgres,plpgsql,SECURITY DEFINER,"{=X/postgres,postgres=X/postgres,service_role=X/postgres}",B. KEEP_APPLICATION_RPC,app/lib/services,,,,,no,yes,(see definition; not fully parsed this pass),(see definition; not fully parsed this pass),no,no,high,app/lib/services .rpc,KEEP
game_core,fn_generate_card_pool_step,game_core.fn_generate_card_pool_step(p_batch_size integer),postgres,plpgsql,SECURITY DEFINER,"{=X/postgres,postgres=X/postgres,service_role=X/postgres}",C. KEEP_MAINTENANCE,none_found,,,,cron.fn_generate_card_pool_step,no,no,(see definition; not fully parsed this pass),(see definition; not fully parsed this pass),no,no,high,active cron cron.fn_generate_card_pool_step,KEEP
game_core,fn_generate_room_seed,game_core.fn_generate_room_seed(),postgres,plpgsql,SECURITY INVOKER,"{=X/postgres,postgres=X/postgres,service_role=X/postgres}",A. KEEP_RAILWAY_TRANSACTION_PRIMITIVE,none_found,,,,,indirect SoR,indirect,(see definition; not fully parsed this pass),(see definition; not fully parsed this pass),no,no,medium,room/join SoR helper,KEEP
game_core,fn_janitor_repair_unsettled_finished,game_core.fn_janitor_repair_unsettled_finished(p_limit integer),postgres,plpgsql,SECURITY DEFINER,NULL,D. KEEP_FINANCE_OR_SECURITY_CRITICAL,game-engine,,,,,yes,no,(see definition; not fully parsed this pass),(see definition; not fully parsed this pass),high,no,high,game-engine .rpc,KEEP
game_core,fn_janitor_sweep,game_core.fn_janitor_sweep(),postgres,plpgsql,SECURITY DEFINER,"{=X/postgres,postgres=X/postgres,service_role=X/postgres}",C. KEEP_MAINTENANCE,none_found,,,,cron.fn_janitor_sweep,no,no,(see definition; not fully parsed this pass),(see definition; not fully parsed this pass),no,no,high,active cron cron.fn_janitor_sweep,KEEP
game_core,fn_join_or_create_room_base,"game_core.fn_join_or_create_room_base(p_template_id uuid, p_card_count integer, p_password text)",postgres,plpgsql,SECURITY DEFINER,"{=X/postgres,postgres=X/postgres,service_role=X/postgres}",A. KEEP_RAILWAY_TRANSACTION_PRIMITIVE,none_found,,,,,indirect SoR,indirect,(see definition; not fully parsed this pass),(see definition; not fully parsed this pass),no,no,medium,room/join SoR helper,KEEP
game_core,fn_join_or_create_room_core,"game_core.fn_join_or_create_room_core(p_template_id uuid, p_card_count integer, p_password text)",postgres,plpgsql,SECURITY DEFINER,"{=X/postgres,postgres=X/postgres,service_role=X/postgres}",A. KEEP_RAILWAY_TRANSACTION_PRIMITIVE,none_found,,,,,indirect SoR,indirect,(see definition; not fully parsed this pass),(see definition; not fully parsed this pass),no,no,medium,room/join SoR helper,KEEP
game_core,fn_manage_room_live_actions,game_core.fn_manage_room_live_actions(),postgres,plpgsql,SECURITY INVOKER,"{postgres=X/postgres,service_role=X/postgres}",F. LEGACY_QUARANTINED,none_found,public.fn_heartbeat_tick,,,,no,no,(see definition; not fully parsed this pass),(see definition; not fully parsed this pass),rollback retained,yes TS port,high,P1.7 ACL locked service_role/postgres only,KEEP_QUARANTINED
game_core,fn_manage_waiting_rooms,"game_core.fn_manage_waiting_rooms(p_limit integer, p_capture boolean)",postgres,plpgsql,SECURITY DEFINER,"{postgres=X/postgres,service_role=X/postgres}",F. LEGACY_QUARANTINED,none_found,public.fn_heartbeat_tick,,,,no,no,(see definition; not fully parsed this pass),(see definition; not fully parsed this pass),rollback retained,yes TS port,high,P1.7 ACL locked service_role/postgres only,KEEP_QUARANTINED
game_core,fn_payout_room,game_core.fn_payout_room(p_room uuid),postgres,plpgsql,SECURITY DEFINER,"{=X/postgres,postgres=X/postgres,anon=X/postgres,authenticated=X/postgres,service_role=X/postgres}",D. KEEP_FINANCE_OR_SECURITY_CRITICAL,none_found,fn_confirm_win,,,,no,no,(see definition; not fully parsed this pass),(see definition; not fully parsed this pass),high,no,medium,finance domain,ACL_REVIEW
game_core,fn_requeue_failed_draw_jobs,game_core.fn_requeue_failed_draw_jobs(),postgres,plpgsql,SECURITY DEFINER,"{=X/postgres,postgres=X/postgres,service_role=X/postgres}",C. KEEP_MAINTENANCE,none_found,fn_janitor_sweep; public.rpc_requeue_failed_draw_jobs,,,,no,no,(see definition; not fully parsed this pass),(see definition; not fully parsed this pass),no,no,medium,maintenance/pool helper,KEEP
game_core,fn_stamp_orphan_draws_on_terminal_rooms,game_core.fn_stamp_orphan_draws_on_terminal_rooms(),postgres,plpgsql,SECURITY DEFINER,"{=X/postgres,postgres=X/postgres,service_role=X/postgres}",C. KEEP_MAINTENANCE,none_found,fn_janitor_sweep,,,,no,no,(see definition; not fully parsed this pass),(see definition; not fully parsed this pass),no,no,medium,maintenance/pool helper,KEEP
game_core,fn_sync_player_affiliation_for_user,game_core.fn_sync_player_affiliation_for_user(p_user_id uuid),postgres,plpgsql,SECURITY DEFINER,"{=X/postgres,postgres=X/postgres,service_role=X/postgres}",B. KEEP_APPLICATION_RPC,none_found,,,,,no,likely,(see definition; not fully parsed this pass),(see definition; not fully parsed this pass),no,no,medium,product helper,KEEP
game_core,fn_system_join_or_create_room,"game_core.fn_system_join_or_create_room(p_user_id uuid, p_template_id uuid, p_card_count integer, p_password text)",postgres,plpgsql,SECURITY DEFINER,"{=X/postgres,postgres=X/postgres,service_role=X/postgres}",A. KEEP_RAILWAY_TRANSACTION_PRIMITIVE,game-engine,,,,,yes,no,(see definition; not fully parsed this pass),(see definition; not fully parsed this pass),no,no,high,game-engine .rpc,KEEP
game_core,fn_trg_sync_player_affiliation_from_users,game_core.fn_trg_sync_player_affiliation_from_users(),postgres,plpgsql,SECURITY DEFINER,"{=X/postgres,postgres=X/postgres,service_role=X/postgres}",E. KEEP_DATABASE_INFRASTRUCTURE,none_found,,,trigger,,no,no,(see definition; not fully parsed this pass),(see definition; not fully parsed this pass),no,no,high,trigger dependency,KEEP
game_core,fn_try_promote_room_at_max_capacity,game_core.fn_try_promote_room_at_max_capacity(p_room uuid),postgres,plpgsql,SECURITY DEFINER,NULL,A. KEEP_RAILWAY_TRANSACTION_PRIMITIVE,none_found,,,,,indirect SoR,indirect,(see definition; not fully parsed this pass),(see definition; not fully parsed this pass),no,no,medium,room/join SoR helper,KEEP
game_core,fn_validate_affiliation_roles,game_core.fn_validate_affiliation_roles(),postgres,plpgsql,SECURITY DEFINER,"{=X/postgres,postgres=X/postgres,service_role=X/postgres}",E. KEEP_DATABASE_INFRASTRUCTURE,none_found,,,trigger,,no,no,(see definition; not fully parsed this pass),(see definition; not fully parsed this pass),no,no,high,trigger dependency,KEEP
game_core,rpc_apply_marks_for_draw,"game_core.rpc_apply_marks_for_draw(p_room_id uuid, p_draw_number integer)",postgres,plpgsql,SECURITY INVOKER,"{=X/postgres,postgres=X/postgres,anon=X/postgres,authenticated=X/postgres,service_role=X/postgres}",A. KEEP_RAILWAY_TRANSACTION_PRIMITIVE,game-engine,fn_process_draw_jobs_batch*,,,,yes,no,(see definition; not fully parsed this pass),(see definition; not fully parsed this pass),no,no,high,game-engine .rpc,KEEP
game_core,rpc_get_active_rooms,"game_core.rpc_get_active_rooms(p_only_status room_status[], p_price_min numeric, p_price_max numeric)",postgres,sql,SECURITY INVOKER,"{=X/postgres,postgres=X/postgres,anon=X/postgres,authenticated=X/postgres,service_role=X/postgres}",B. KEEP_APPLICATION_RPC,none_found,,,,,no,likely,(see definition; not fully parsed this pass),(see definition; not fully parsed this pass),no,no,medium,product helper,KEEP
game_core,rpc_get_lobby_price_summary,game_core.rpc_get_lobby_price_summary(p_only_status room_status[]),postgres,sql,SECURITY INVOKER,"{=X/postgres,postgres=X/postgres,service_role=X/postgres}",B. KEEP_APPLICATION_RPC,none_found,,,,,no,likely,(see definition; not fully parsed this pass),(see definition; not fully parsed this pass),no,no,medium,product helper,KEEP
game_core,rpc_get_room_seed_hash,game_core.rpc_get_room_seed_hash(p_room_id uuid),postgres,plpgsql,SECURITY INVOKER,"{=X/postgres,postgres=X/postgres,service_role=X/postgres}",B. KEEP_APPLICATION_RPC,none_found,,,,,no,likely,(see definition; not fully parsed this pass),(see definition; not fully parsed this pass),no,no,medium,product helper,KEEP
game_core,rpc_pick_draw_jobs,"game_core.rpc_pick_draw_jobs(p_limit integer, p_worker_id integer, p_total_workers integer)",postgres,plpgsql,SECURITY INVOKER,"{=X/postgres,postgres=X/postgres,service_role=X/postgres}",A. KEEP_RAILWAY_TRANSACTION_PRIMITIVE,game-engine,fn_process_draw_jobs_batch*,,,,yes,no,(see definition; not fully parsed this pass),(see definition; not fully parsed this pass),no,no,high,game-engine .rpc,KEEP
game_core,rpc_pick_draw_jobs,game_core.rpc_pick_draw_jobs(p_limit integer),postgres,plpgsql,SECURITY INVOKER,"{=X/postgres,postgres=X/postgres,anon=X/postgres,authenticated=X/postgres,service_role=X/postgres}",A. KEEP_RAILWAY_TRANSACTION_PRIMITIVE,game-engine,fn_process_draw_jobs_batch*,,,,yes,no,(see definition; not fully parsed this pass),(see definition; not fully parsed this pass),no,no,high,game-engine .rpc,KEEP
game_core,rpc_reveal_room_seed,"game_core.rpc_reveal_room_seed(p_room_id uuid, OUT room_id uuid, OUT room_seed bytea, OUT room_seed_hash character, OUT status room_status)",postgres,plpgsql,SECURITY INVOKER,"{=X/postgres,postgres=X/postgres,service_role=X/postgres}",B. KEEP_APPLICATION_RPC,none_found,,,,,no,likely,(see definition; not fully parsed this pass),(see definition; not fully parsed this pass),no,no,medium,product helper,KEEP
game_core,set_rooms_updated_at,game_core.set_rooms_updated_at(),postgres,plpgsql,SECURITY INVOKER,"{=X/postgres,postgres=X/postgres,anon=X/postgres,authenticated=X/postgres,service_role=X/postgres}",E. KEEP_DATABASE_INFRASTRUCTURE,none_found,,,trigger,,no,no,(see definition; not fully parsed this pass),(see definition; not fully parsed this pass),no,no,high,trigger dependency,KEEP
game_core,signup_player_with_code,"game_core.signup_player_with_code(p_invitation_code text, p_username text, p_nickname text, p_country text, p_language text)",postgres,plpgsql,SECURITY DEFINER,"{=X/postgres,postgres=X/postgres,service_role=X/postgres}",D. KEEP_FINANCE_OR_SECURITY_CRITICAL,none_found,,,,,no,likely,(see definition; not fully parsed this pass),(see definition; not fully parsed this pass),authz,no,medium,authz/registration,ACL_REVIEW
game_core,trg_after_draw_enqueue,game_core.trg_after_draw_enqueue(),postgres,plpgsql,SECURITY INVOKER,"{=X/postgres,postgres=X/postgres,anon=X/postgres,authenticated=X/postgres,service_role=X/postgres}",E. KEEP_DATABASE_INFRASTRUCTURE,none_found,,,trigger,,no,no,(see definition; not fully parsed this pass),(see definition; not fully parsed this pass),no,no,high,trigger dependency,KEEP
game_core,trg_rooms_stamp_waiting_started_at,game_core.trg_rooms_stamp_waiting_started_at(),postgres,plpgsql,SECURITY INVOKER,NULL,E. KEEP_DATABASE_INFRASTRUCTURE,none_found,,,trigger,,no,no,(see definition; not fully parsed this pass),(see definition; not fully parsed this pass),no,no,high,trigger dependency,KEEP
game_core,validate_invitation_code,game_core.validate_invitation_code(p_code text),postgres,plpgsql,SECURITY DEFINER,"{=X/postgres,postgres=X/postgres,service_role=X/postgres}",D. KEEP_FINANCE_OR_SECURITY_CRITICAL,none_found,,,,,no,likely,(see definition; not fully parsed this pass),(see definition; not fully parsed this pass),authz,no,medium,authz/registration,ACL_REVIEW
game_finance,fn_consume_room_tickets,game_finance.fn_consume_room_tickets(p_room uuid),postgres,plpgsql,SECURITY DEFINER,"{=X/postgres,postgres=X/postgres,service_role=X/postgres}",D. KEEP_FINANCE_OR_SECURITY_CRITICAL,none_found,,,,,no,no,(see definition; not fully parsed this pass),(see definition; not fully parsed this pass),high,no,medium,finance domain,ACL_REVIEW
game_finance,fn_distribute_ticket_commission,"game_finance.fn_distribute_ticket_commission(p_ticket uuid, p_admin_user uuid)",postgres,plpgsql,SECURITY DEFINER,"{=X/postgres,postgres=X/postgres,service_role=X/postgres}",D. KEEP_FINANCE_OR_SECURITY_CRITICAL,game-engine,,,,,yes,no,(see definition; not fully parsed this pass),(see definition; not fully parsed this pass),high,no,high,game-engine .rpc,KEEP
game_finance,fn_finish_room_and_settle,"game_finance.fn_finish_room_and_settle(p_room uuid, p_admin_user uuid)",postgres,plpgsql,SECURITY DEFINER,"{=X/postgres,postgres=X/postgres,service_role=X/postgres}",D. KEEP_FINANCE_OR_SECURITY_CRITICAL,game-engine,evaluate; janitor; soft payouts; finance wrappers,,,,yes,no,(see definition; not fully parsed this pass),(see definition; not fully parsed this pass),high,no,high,game-engine .rpc,KEEP
game_finance,fn_lock_commission_snapshot,game_finance.fn_lock_commission_snapshot(),postgres,plpgsql,SECURITY INVOKER,"{=X/postgres,postgres=X/postgres,service_role=X/postgres}",E. KEEP_DATABASE_INFRASTRUCTURE,none_found,,,trigger,,no,no,(see definition; not fully parsed this pass),(see definition; not fully parsed this pass),medium,no,high,trigger dependency,KEEP
game_finance,fn_payout_room_prize,game_finance.fn_payout_room_prize(p_room uuid),postgres,plpgsql,SECURITY DEFINER,"{=X/postgres,postgres=X/postgres,service_role=X/postgres}",D. KEEP_FINANCE_OR_SECURITY_CRITICAL,none_found,,,,,no,no,(see definition; not fully parsed this pass),(see definition; not fully parsed this pass),high,no,medium,finance domain,ACL_REVIEW
game_finance,fn_payout_winners,game_finance.fn_payout_winners(p_room uuid),postgres,plpgsql,SECURITY DEFINER,"{=X/postgres,postgres=X/postgres,service_role=X/postgres}",D. KEEP_FINANCE_OR_SECURITY_CRITICAL,none_found,,,,,no,no,(see definition; not fully parsed this pass),(see definition; not fully parsed this pass),high,no,medium,finance domain,ACL_REVIEW
game_finance,fn_record_ticket_commission,game_finance.fn_record_ticket_commission(p_ticket uuid),postgres,plpgsql,SECURITY DEFINER,"{=X/postgres,postgres=X/postgres,service_role=X/postgres}",D. KEEP_FINANCE_OR_SECURITY_CRITICAL,game-engine,,,,,yes,no,(see definition; not fully parsed this pass),(see definition; not fully parsed this pass),high,no,high,game-engine .rpc,KEEP
game_finance,fn_wallet_add,"game_finance.fn_wallet_add(p_user uuid, p_amount numeric, p_currency text, p_desc text, p_type transaction_type, p_room uuid)",postgres,plpgsql,SECURITY DEFINER,"{=X/postgres,postgres=X/postgres,anon=X/postgres,authenticated=X/postgres,service_role=X/postgres}",D. KEEP_FINANCE_OR_SECURITY_CRITICAL,none_found,,,,,no,no,(see definition; not fully parsed this pass),(see definition; not fully parsed this pass),high,no,medium,finance domain,ACL_REVIEW
game_finance,fn_wallet_apply_delta,"game_finance.fn_wallet_apply_delta(p_user_id uuid, p_currency text, p_amount_delta numeric, p_transaction_type transaction_type, p_source_kind text, p_source_ref text, p_description text, p_meta jsonb, p_allow_negative boolean)",postgres,plpgsql,SECURITY DEFINER,"{=X/postgres,postgres=X/postgres,authenticated=X/postgres,service_role=X/postgres}",D. KEEP_FINANCE_OR_SECURITY_CRITICAL,game-engine;app/lib/services,,,,,yes,yes,(see definition; not fully parsed this pass),(see definition; not fully parsed this pass),high,no,high,game-engine .rpc,KEEP
game_finance,fn_wallet_capture,"game_finance.fn_wallet_capture(p_user uuid, p_amount numeric, p_currency text, p_room uuid)",postgres,plpgsql,SECURITY DEFINER,"{=X/postgres,postgres=X/postgres,service_role=X/postgres}",D. KEEP_FINANCE_OR_SECURITY_CRITICAL,none_found,,,,,no,no,(see definition; not fully parsed this pass),(see definition; not fully parsed this pass),high,no,medium,finance domain,ACL_REVIEW
game_finance,fn_wallet_capture_and_distribute,game_finance.fn_wallet_capture_and_distribute(p_room uuid),postgres,plpgsql,SECURITY DEFINER,"{=X/postgres,postgres=X/postgres,service_role=X/postgres}",D. KEEP_FINANCE_OR_SECURITY_CRITICAL,none_found,,,,,no,no,(see definition; not fully parsed this pass),(see definition; not fully parsed this pass),high,no,medium,finance domain,ACL_REVIEW
game_finance,fn_wallet_capture_join,"game_finance.fn_wallet_capture_join(p_user uuid, p_amount numeric, p_currency text, p_room uuid, p_ticket uuid)",postgres,plpgsql,SECURITY DEFINER,"{=X/postgres,postgres=X/postgres,service_role=X/postgres}",D. KEEP_FINANCE_OR_SECURITY_CRITICAL,none_found,,,,,no,no,(see definition; not fully parsed this pass),(see definition; not fully parsed this pass),high,no,medium,finance domain,ACL_REVIEW
game_finance,fn_wallet_deposit,"game_finance.fn_wallet_deposit(p_user uuid, p_amount numeric, p_currency text, p_desc text)",postgres,plpgsql,SECURITY DEFINER,"{=X/postgres,postgres=X/postgres,service_role=X/postgres}",D. KEEP_FINANCE_OR_SECURITY_CRITICAL,none_found,,,,,no,no,(see definition; not fully parsed this pass),(see definition; not fully parsed this pass),high,no,medium,finance domain,ACL_REVIEW
game_finance,fn_wallet_hold_join,"game_finance.fn_wallet_hold_join(p_user uuid, p_amount numeric, p_currency text, p_room uuid, p_ticket uuid)",postgres,plpgsql,SECURITY DEFINER,"{=X/postgres,postgres=X/postgres,service_role=X/postgres}",D. KEEP_FINANCE_OR_SECURITY_CRITICAL,none_found,,,,,no,no,(see definition; not fully parsed this pass),(see definition; not fully parsed this pass),high,no,medium,finance domain,ACL_REVIEW
game_finance,fn_wallet_hold_join,"game_finance.fn_wallet_hold_join(p_user uuid, p_amount numeric, p_currency text, p_room uuid)",postgres,plpgsql,SECURITY DEFINER,"{=X/postgres,postgres=X/postgres,service_role=X/postgres}",D. KEEP_FINANCE_OR_SECURITY_CRITICAL,none_found,,,,,no,no,(see definition; not fully parsed this pass),(see definition; not fully parsed this pass),high,no,medium,finance domain,ACL_REVIEW
game_finance,fn_wallet_release,"game_finance.fn_wallet_release(p_user uuid, p_amount numeric, p_currency text, p_room uuid)",postgres,plpgsql,SECURITY DEFINER,"{=X/postgres,postgres=X/postgres,service_role=X/postgres}",D. KEEP_FINANCE_OR_SECURITY_CRITICAL,none_found,,,,,no,no,(see definition; not fully parsed this pass),(see definition; not fully parsed this pass),high,no,medium,finance domain,ACL_REVIEW
game_finance,fn_wallet_release_join,game_finance.fn_wallet_release_join(p_ticket uuid),postgres,plpgsql,SECURITY DEFINER,"{=X/postgres,postgres=X/postgres,service_role=X/postgres}",D. KEEP_FINANCE_OR_SECURITY_CRITICAL,none_found,,,,,no,no,(see definition; not fully parsed this pass),(see definition; not fully parsed this pass),high,no,medium,finance domain,ACL_REVIEW
game_finance,fn_wallet_release_join,"game_finance.fn_wallet_release_join(p_user uuid, p_amount numeric, p_currency text, p_room uuid, p_ticket uuid)",postgres,plpgsql,SECURITY DEFINER,"{=X/postgres,postgres=X/postgres,service_role=X/postgres}",D. KEEP_FINANCE_OR_SECURITY_CRITICAL,none_found,,,,,no,no,(see definition; not fully parsed this pass),(see definition; not fully parsed this pass),high,no,medium,finance domain,ACL_REVIEW
game_finance,fn_wallet_release_join,"game_finance.fn_wallet_release_join(p_user uuid, p_amount numeric, p_currency text, p_room uuid)",postgres,plpgsql,SECURITY DEFINER,"{=X/postgres,postgres=X/postgres,service_role=X/postgres}",D. KEEP_FINANCE_OR_SECURITY_CRITICAL,none_found,,,,,no,no,(see definition; not fully parsed this pass),(see definition; not fully parsed this pass),high,no,medium,finance domain,ACL_REVIEW
game_finance,fn_wallet_subtract,"game_finance.fn_wallet_subtract(p_user uuid, p_amount numeric, p_currency text, p_desc text, p_type transaction_type, p_room uuid)",postgres,plpgsql,SECURITY DEFINER,"{=X/postgres,postgres=X/postgres,service_role=X/postgres}",D. KEEP_FINANCE_OR_SECURITY_CRITICAL,none_found,,,,,no,no,(see definition; not fully parsed this pass),(see definition; not fully parsed this pass),high,no,medium,finance domain,ACL_REVIEW
game_finance,fn_wallet_summary,"game_finance.fn_wallet_summary(p_user uuid, p_currency text, p_since timestamp with time zone, p_room uuid)",postgres,plpgsql,SECURITY DEFINER,"{=X/postgres,postgres=X/postgres,service_role=X/postgres}",D. KEEP_FINANCE_OR_SECURITY_CRITICAL,none_found,,,,,no,no,(see definition; not fully parsed this pass),(see definition; not fully parsed this pass),high,no,medium,finance domain,ACL_REVIEW
game_finance,fn_wallet_withdraw,"game_finance.fn_wallet_withdraw(p_user uuid, p_amount numeric, p_currency text, p_desc text)",postgres,plpgsql,SECURITY DEFINER,"{=X/postgres,postgres=X/postgres,service_role=X/postgres}",D. KEEP_FINANCE_OR_SECURITY_CRITICAL,none_found,,,,,no,no,(see definition; not fully parsed this pass),(see definition; not fully parsed this pass),high,no,medium,finance domain,ACL_REVIEW
game_finance,set_wallets_updated_at,game_finance.set_wallets_updated_at(),postgres,plpgsql,SECURITY INVOKER,"{=X/postgres,postgres=X/postgres,anon=X/postgres,authenticated=X/postgres,service_role=X/postgres}",E. KEEP_DATABASE_INFRASTRUCTURE,none_found,,,trigger,,no,no,(see definition; not fully parsed this pass),(see definition; not fully parsed this pass),medium,no,high,trigger dependency,KEEP
game_finance,trg_rooms_after_live,game_finance.trg_rooms_after_live(),postgres,plpgsql,SECURITY DEFINER,"{=X/postgres,postgres=X/postgres,service_role=X/postgres}",E. KEEP_DATABASE_INFRASTRUCTURE,none_found,,,trigger,,no,no,(see definition; not fully parsed this pass),(see definition; not fully parsed this pass),no,no,high,trigger dependency,KEEP
game_finance,trg_tickets_after_paid,game_finance.trg_tickets_after_paid(),postgres,plpgsql,SECURITY DEFINER,"{=X/postgres,postgres=X/postgres,service_role=X/postgres}",E. KEEP_DATABASE_INFRASTRUCTURE,none_found,,,trigger,,no,no,(see definition; not fully parsed this pass),(see definition; not fully parsed this pass),no,no,high,trigger dependency,KEEP
game_pool,activate_card_pool,game_pool.activate_card_pool(p_id uuid),postgres,plpgsql,SECURITY INVOKER,"{=X/postgres,postgres=X/postgres,anon=X/postgres,authenticated=X/postgres,service_role=X/postgres}",C. KEEP_MAINTENANCE,none_found,,,,,no,no,(see definition; not fully parsed this pass),(see definition; not fully parsed this pass),no,no,medium,maintenance/pool helper,KEEP
game_pool,fn_retain_last_n_pools,game_pool.fn_retain_last_n_pools(p_keep integer),postgres,plpgsql,SECURITY INVOKER,"{=X/postgres,postgres=X/postgres,anon=X/postgres,authenticated=X/postgres,service_role=X/postgres}",C. KEEP_MAINTENANCE,none_found,,,,,no,no,(see definition; not fully parsed this pass),(see definition; not fully parsed this pass),no,no,medium,maintenance/pool helper,KEEP
game_pool,fn_sync_card_numbers,game_pool.fn_sync_card_numbers(),postgres,plpgsql,SECURITY INVOKER,"{=X/postgres,postgres=X/postgres,anon=X/postgres,authenticated=X/postgres,service_role=X/postgres}",E. KEEP_DATABASE_INFRASTRUCTURE,none_found,,,trigger,,no,no,(see definition; not fully parsed this pass),(see definition; not fully parsed this pass),no,no,high,trigger dependency,KEEP
game_pool,generate_card_pool_housie,game_pool.generate_card_pool_housie(p_created_by uuid),postgres,plpgsql,SECURITY INVOKER,"{=X/postgres,postgres=X/postgres,anon=X/postgres,authenticated=X/postgres,service_role=X/postgres}",A. KEEP_RAILWAY_TRANSACTION_PRIMITIVE,none_found,,,,,indirect SoR,indirect,(see definition; not fully parsed this pass),(see definition; not fully parsed this pass),no,no,medium,room/join SoR helper,KEEP
load_test,_pool_cards_for_room,"load_test._pool_cards_for_room(p_pool_id uuid, p_room_id uuid, p_room_seed bytea, p_room_type room_type, p_limit integer)",postgres,sql,SECURITY INVOKER,NULL,G. CANDIDATE_UNUSED_NEEDS_VALIDATION,none_found,,,,,load-test scripts only,no,(see definition; not fully parsed this pass),(see definition; not fully parsed this pass),no,no,medium,debug/test/monitor,INVESTIGATE
monitor,fn_rooms_settling_lag,monitor.fn_rooms_settling_lag(),postgres,sql,SECURITY INVOKER,NULL,G. CANDIDATE_UNUSED_NEEDS_VALIDATION,none_found,,,,,load-test scripts only,no,(see definition; not fully parsed this pass),(see definition; not fully parsed this pass),no,no,medium,debug/test/monitor,INVESTIGATE
public,can_read_user,public.can_read_user(target_user_id uuid),postgres,plpgsql,SECURITY DEFINER,"{=X/postgres,postgres=X/postgres,anon=X/postgres,authenticated=X/postgres,service_role=X/postgres}",D. KEEP_FINANCE_OR_SECURITY_CRITICAL,none_found,,,,,no,likely,(see definition; not fully parsed this pass),(see definition; not fully parsed this pass),authz,no,medium,authz/registration,ACL_REVIEW
public,can_read_user_in_tournament,public.can_read_user_in_tournament(target_user_id uuid),postgres,plpgsql,SECURITY DEFINER,"{=X/postgres,postgres=X/postgres,anon=X/postgres,authenticated=X/postgres,service_role=X/postgres}",D. KEEP_FINANCE_OR_SECURITY_CRITICAL,none_found,,,,,no,likely,(see definition; not fully parsed this pass),(see definition; not fully parsed this pass),authz,no,medium,authz/registration,ACL_REVIEW
public,debug_runtime_context,public.debug_runtime_context(p_room_id uuid),postgres,plpgsql,SECURITY DEFINER,"{postgres=X/postgres,anon=X/postgres,authenticated=X/postgres,service_role=X/postgres}",G. CANDIDATE_UNUSED_NEEDS_VALIDATION,none_found,,,,,load-test scripts only,no,(see definition; not fully parsed this pass),(see definition; not fully parsed this pass),no,no,medium,debug/test/monitor,INVESTIGATE
public,debug_ticket_counts,public.debug_ticket_counts(p_room_id uuid),postgres,sql,SECURITY DEFINER,"{postgres=X/postgres,anon=X/postgres,authenticated=X/postgres,service_role=X/postgres}",G. CANDIDATE_UNUSED_NEEDS_VALIDATION,none_found,,,,,load-test scripts only,no,(see definition; not fully parsed this pass),(see definition; not fully parsed this pass),no,no,medium,debug/test/monitor,INVESTIGATE
public,distribute_ding_on_draw,public.distribute_ding_on_draw(),postgres,plpgsql,SECURITY INVOKER,"{=X/postgres,postgres=X/postgres,anon=X/postgres,authenticated=X/postgres,service_role=X/postgres}",G. CANDIDATE_UNUSED_NEEDS_VALIDATION,none_found,,,,,no,no,(see definition; not fully parsed this pass),(see definition; not fully parsed this pass),high,no,low,finance-named; no direct .rpc found; possible shim,INVESTIGATE
public,fn_adjust_referral_wallet,"public.fn_adjust_referral_wallet(p_target_user uuid, p_amount numeric, p_currency text, p_type transaction_type, p_description text)",postgres,plpgsql,SECURITY DEFINER,"{=X/postgres,postgres=X/postgres,anon=X/postgres,authenticated=X/postgres,service_role=X/postgres}",D. KEEP_FINANCE_OR_SECURITY_CRITICAL,none_found,,,,,no,no,(see definition; not fully parsed this pass),(see definition; not fully parsed this pass),high,no,medium,finance domain,ACL_REVIEW
public,fn_adjust_wallet_manual,"public.fn_adjust_wallet_manual(p_target_user uuid, p_amount numeric, p_currency text, p_type transaction_type, p_description text)",postgres,plpgsql,SECURITY DEFINER,"{=X/postgres,postgres=X/postgres,anon=X/postgres,authenticated=X/postgres,service_role=X/postgres}",G. CANDIDATE_UNUSED_NEEDS_VALIDATION,none_found,,,,,no,no,(see definition; not fully parsed this pass),(see definition; not fully parsed this pass),high,no,low,finance-named; no direct .rpc found; possible shim,INVESTIGATE
public,fn_admin_create_tournament,public.fn_admin_create_tournament(p_payload jsonb),postgres,plpgsql,SECURITY DEFINER,"{=X/postgres,postgres=X/postgres,anon=X/postgres,authenticated=X/postgres,service_role=X/postgres}",B. KEEP_APPLICATION_RPC,app/lib/services,,,,,no,yes,(see definition; not fully parsed this pass),(see definition; not fully parsed this pass),no,no,high,app/lib/services .rpc,KEEP
public,fn_admin_delete_tournament,public.fn_admin_delete_tournament(p_tournament_id uuid),postgres,plpgsql,SECURITY DEFINER,"{=X/postgres,postgres=X/postgres,anon=X/postgres,authenticated=X/postgres,service_role=X/postgres}",B. KEEP_APPLICATION_RPC,app/lib/services,,,,,no,yes,(see definition; not fully parsed this pass),(see definition; not fully parsed this pass),no,no,high,app/lib/services .rpc,KEEP
public,fn_admin_games_report,"public.fn_admin_games_report(p_from timestamp with time zone, p_to timestamp with time zone, p_limit integer, p_offset integer)",postgres,plpgsql,SECURITY DEFINER,"{=X/postgres,postgres=X/postgres,anon=X/postgres,authenticated=X/postgres,service_role=X/postgres}",B. KEEP_APPLICATION_RPC,app/lib/services,,,,,no,yes,(see definition; not fully parsed this pass),(see definition; not fully parsed this pass),no,no,high,app/lib/services .rpc,KEEP
public,fn_admin_set_tournament_status,"public.fn_admin_set_tournament_status(p_tournament_id uuid, p_status tournament_status)",postgres,plpgsql,SECURITY DEFINER,"{=X/postgres,postgres=X/postgres,anon=X/postgres,authenticated=X/postgres,service_role=X/postgres}",B. KEEP_APPLICATION_RPC,app/lib/services,,,,,no,yes,(see definition; not fully parsed this pass),(see definition; not fully parsed this pass),no,no,high,app/lib/services .rpc,KEEP
public,fn_admin_update_tournament,"public.fn_admin_update_tournament(p_tournament_id uuid, p_patch jsonb)",postgres,plpgsql,SECURITY DEFINER,"{=X/postgres,postgres=X/postgres,anon=X/postgres,authenticated=X/postgres,service_role=X/postgres}",B. KEEP_APPLICATION_RPC,app/lib/services,,,,,no,yes,(see definition; not fully parsed this pass),(see definition; not fully parsed this pass),no,no,high,app/lib/services .rpc,KEEP
public,fn_aggregate_ding_for_processed_draw,public.fn_aggregate_ding_for_processed_draw(),postgres,plpgsql,SECURITY INVOKER,"{=X/postgres,postgres=X/postgres,anon=X/postgres,authenticated=X/postgres,service_role=X/postgres}",E. KEEP_DATABASE_INFRASTRUCTURE,none_found,,,trigger,,no,no,(see definition; not fully parsed this pass),(see definition; not fully parsed this pass),medium,no,high,trigger dependency,KEEP
public,fn_backfill_card_bitmask_definitions,public.fn_backfill_card_bitmask_definitions(),postgres,plpgsql,SECURITY INVOKER,"{=X/postgres,postgres=X/postgres,anon=X/postgres,authenticated=X/postgres,service_role=X/postgres}",G. CANDIDATE_UNUSED_NEEDS_VALIDATION,none_found,,,,,no,no,(see definition; not fully parsed this pass),(see definition; not fully parsed this pass),no,no,low,helper; verify callers,INVESTIGATE
public,fn_cancel_waiting_room,"public.fn_cancel_waiting_room(p_room uuid, p_by_admin boolean, p_user uuid)",postgres,plpgsql,SECURITY DEFINER,"{=X/postgres,postgres=X/postgres,anon=X/postgres,authenticated=X/postgres,service_role=X/postgres}",B. KEEP_APPLICATION_RPC,app/lib/services,,,,,no,yes,(see definition; not fully parsed this pass),(see definition; not fully parsed this pass),no,no,high,app/lib/services .rpc,KEEP
public,fn_cancel_waiting_room,"public.fn_cancel_waiting_room(p_room uuid, p_by_admin boolean)",postgres,plpgsql,SECURITY DEFINER,"{=X/postgres,postgres=X/postgres,anon=X/postgres,authenticated=X/postgres,service_role=X/postgres}",B. KEEP_APPLICATION_RPC,app/lib/services,,,,,no,yes,(see definition; not fully parsed this pass),(see definition; not fully parsed this pass),no,no,high,app/lib/services .rpc,KEEP
public,fn_cleanup_retention,public.fn_cleanup_retention(),postgres,plpgsql,SECURITY INVOKER,"{=X/postgres,postgres=X/postgres,anon=X/postgres,authenticated=X/postgres,service_role=X/postgres}",C. KEEP_MAINTENANCE,none_found,,,,cron.cleanup_retention,no,no,(see definition; not fully parsed this pass),(see definition; not fully parsed this pass),no,no,high,active cron cron.cleanup_retention,KEEP
public,fn_dashboard_admin_commission_summary,public.fn_dashboard_admin_commission_summary(),postgres,plpgsql,SECURITY DEFINER,"{postgres=X/postgres,anon=X/postgres,authenticated=X/postgres,service_role=X/postgres}",D. KEEP_FINANCE_OR_SECURITY_CRITICAL,app/lib/services,,,,,no,yes,(see definition; not fully parsed this pass),(see definition; not fully parsed this pass),high,no,high,app/lib/services .rpc,KEEP
public,fn_dashboard_admin_commission_summary_range,"public.fn_dashboard_admin_commission_summary_range(p_from timestamp with time zone, p_to timestamp with time zone)",postgres,plpgsql,SECURITY DEFINER,"{postgres=X/postgres,anon=X/postgres,authenticated=X/postgres,service_role=X/postgres}",D. KEEP_FINANCE_OR_SECURITY_CRITICAL,app/lib/services,,,,,no,yes,(see definition; not fully parsed this pass),(see definition; not fully parsed this pass),high,no,high,app/lib/services .rpc,KEEP
public,fn_dashboard_admin_tournament_guarantee_summary,public.fn_dashboard_admin_tournament_guarantee_summary(),postgres,plpgsql,SECURITY DEFINER,"{postgres=X/postgres,anon=X/postgres,authenticated=X/postgres,service_role=X/postgres}",B. KEEP_APPLICATION_RPC,app/lib/services,,,,,no,yes,(see definition; not fully parsed this pass),(see definition; not fully parsed this pass),no,no,high,app/lib/services .rpc,KEEP
public,fn_dashboard_admin_tournament_guarantee_summary_range,"public.fn_dashboard_admin_tournament_guarantee_summary_range(p_from timestamp with time zone, p_to timestamp with time zone)",postgres,plpgsql,SECURITY DEFINER,"{postgres=X/postgres,anon=X/postgres,authenticated=X/postgres,service_role=X/postgres}",G. CANDIDATE_UNUSED_NEEDS_VALIDATION,none_found,,,,,no,no,(see definition; not fully parsed this pass),(see definition; not fully parsed this pass),no,no,low,insufficient evidence for CONFIRMED_UNUSED,ACL_REVIEW
public,fn_dev_panel_dev_player_finance_summary,"public.fn_dev_panel_dev_player_finance_summary(p_period text, p_timezone text)",postgres,plpgsql,SECURITY DEFINER,"{postgres=X/postgres,anon=X/postgres,authenticated=X/postgres,service_role=X/postgres}",B. KEEP_APPLICATION_RPC,app/lib/services,,,,,no,yes,(see definition; not fully parsed this pass),(see definition; not fully parsed this pass),no,no,high,app/lib/services .rpc,KEEP
public,fn_ding_aggregate_dryrun_on_draw_processed,public.fn_ding_aggregate_dryrun_on_draw_processed(),postgres,plpgsql,SECURITY INVOKER,"{=X/postgres,postgres=X/postgres,anon=X/postgres,authenticated=X/postgres,service_role=X/postgres}",E. KEEP_DATABASE_INFRASTRUCTURE,none_found,,,trigger,,no,no,(see definition; not fully parsed this pass),(see definition; not fully parsed this pass),medium,no,high,trigger dependency,KEEP
public,fn_draw_schedule_jitter_ms,public.fn_draw_schedule_jitter_ms(p_room_id uuid),postgres,plpgsql,SECURITY DEFINER,"{=X/postgres,postgres=X/postgres,anon=X/postgres,authenticated=X/postgres,service_role=X/postgres}",A. KEEP_RAILWAY_TRANSACTION_PRIMITIVE,none_found,,,,,indirect SoR,indirect,(see definition; not fully parsed this pass),(see definition; not fully parsed this pass),no,no,medium,room/join SoR helper,KEEP
public,fn_evaluate_room_after_draw,"public.fn_evaluate_room_after_draw(p_room_id uuid, p_draw_number integer)",postgres,plpgsql,SECURITY DEFINER,"{=X/postgres,postgres=X/postgres,anon=X/postgres,authenticated=X/postgres,service_role=X/postgres}",A. KEEP_RAILWAY_TRANSACTION_PRIMITIVE,game-engine,janitor_repair; rpc_apply_marks; batch workers,,,,yes,no,(see definition; not fully parsed this pass),(see definition; not fully parsed this pass),no,yes TS port/mirror,high,game-engine .rpc,KEEP
public,fn_finish_room_and_settle,"public.fn_finish_room_and_settle(p_room uuid, p_admin_user uuid)",postgres,sql,SECURITY DEFINER,"{=X/postgres,postgres=X/postgres,anon=X/postgres,authenticated=X/postgres,service_role=X/postgres}",D. KEEP_FINANCE_OR_SECURITY_CRITICAL,game-engine,evaluate; janitor; soft payouts; finance wrappers,,,,yes,no,(see definition; not fully parsed this pass),(see definition; not fully parsed this pass),high,no,high,game-engine .rpc,KEEP
public,fn_generate_card_pool,"public.fn_generate_card_pool(p_card_count integer, p_created_by uuid, p_prng_version text)",postgres,plpgsql,SECURITY DEFINER,"{=X/postgres,postgres=X/postgres,anon=X/postgres,authenticated=X/postgres,service_role=X/postgres}",B. KEEP_APPLICATION_RPC,app/lib/services,,,,,no,yes,(see definition; not fully parsed this pass),(see definition; not fully parsed this pass),no,no,high,app/lib/services .rpc,KEEP
public,fn_generate_room_code,public.fn_generate_room_code(),postgres,sql,SECURITY INVOKER,"{=X/postgres,postgres=X/postgres,anon=X/postgres,authenticated=X/postgres,service_role=X/postgres}",B. KEEP_APPLICATION_RPC,none_found,,,,,no,likely,(see definition; not fully parsed this pass),(see definition; not fully parsed this pass),no,no,medium,product helper,KEEP
public,fn_heartbeat_log,public.fn_heartbeat_log(),postgres,plpgsql,SECURITY INVOKER,"{=X/postgres,postgres=X/postgres,anon=X/postgres,authenticated=X/postgres,service_role=X/postgres}",G. CANDIDATE_UNUSED_NEEDS_VALIDATION,none_found,,,,,no,no,(see definition; not fully parsed this pass),(see definition; not fully parsed this pass),no,no,low,insufficient evidence for CONFIRMED_UNUSED,ACL_REVIEW
public,fn_heartbeat_tick,public.fn_heartbeat_tick(),postgres,plpgsql,SECURITY INVOKER,"{postgres=X/postgres,service_role=X/postgres}",F. LEGACY_QUARANTINED,game-engine,,,,,hybrid-only dormant path,no,(see definition; not fully parsed this pass),(see definition; not fully parsed this pass),rollback retained,yes TS port,high,P1.7 ACL locked service_role/postgres only,KEEP_QUARANTINED
public,fn_janitor_repair_unsettled_finished,public.fn_janitor_repair_unsettled_finished(p_limit integer),postgres,plpgsql,SECURITY DEFINER,"{=X/postgres,postgres=X/postgres,anon=X/postgres,authenticated=X/postgres,service_role=X/postgres}",D. KEEP_FINANCE_OR_SECURITY_CRITICAL,game-engine,,,,,yes,no,(see definition; not fully parsed this pass),(see definition; not fully parsed this pass),high,no,high,game-engine .rpc,KEEP
public,fn_join_or_create_room,"public.fn_join_or_create_room(p_template_id uuid, p_card_count integer, p_password text)",postgres,plpgsql,SECURITY DEFINER,"{=X/postgres,postgres=X/postgres,anon=X/postgres,authenticated=X/postgres,service_role=X/postgres}",B. KEEP_APPLICATION_RPC,app/lib/services,,,,,no,yes,(see definition; not fully parsed this pass),(see definition; not fully parsed this pass),no,no,high,app/lib/services .rpc,KEEP
public,fn_join_or_create_room_base,"public.fn_join_or_create_room_base(p_template_id uuid, p_card_count integer, p_password text)",postgres,plpgsql,SECURITY DEFINER,"{=X/postgres,postgres=X/postgres,anon=X/postgres,authenticated=X/postgres,service_role=X/postgres}",A. KEEP_RAILWAY_TRANSACTION_PRIMITIVE,none_found,,,,,indirect SoR,indirect,(see definition; not fully parsed this pass),(see definition; not fully parsed this pass),no,no,medium,room/join SoR helper,KEEP
public,fn_leaderboard_weekly,"public.fn_leaderboard_weekly(p_from timestamp with time zone, p_to timestamp with time zone)",postgres,sql,SECURITY DEFINER,"{=X/postgres,postgres=X/postgres,anon=X/postgres,authenticated=X/postgres,service_role=X/postgres}",B. KEEP_APPLICATION_RPC,none_found,,,,,no,likely,(see definition; not fully parsed this pass),(see definition; not fully parsed this pass),no,no,medium,product helper,KEEP
public,fn_maintain_heartbeat_log_partitions,"public.fn_maintain_heartbeat_log_partitions(p_keep_days integer, p_future_days integer)",postgres,plpgsql,SECURITY INVOKER,"{=X/postgres,postgres=X/postgres,anon=X/postgres,authenticated=X/postgres,service_role=X/postgres}",C. KEEP_MAINTENANCE,none_found,,,,cron.heartbeat_log_partitions,no,no,(see definition; not fully parsed this pass),(see definition; not fully parsed this pass),no,no,high,active cron cron.heartbeat_log_partitions,KEEP
public,fn_my_active_rooms,public.fn_my_active_rooms(p_user_id uuid),postgres,plpgsql,SECURITY DEFINER,"{=X/postgres,postgres=X/postgres,anon=X/postgres,authenticated=X/postgres,service_role=X/postgres}",B. KEEP_APPLICATION_RPC,app/lib/services,,,,,no,yes,(see definition; not fully parsed this pass),(see definition; not fully parsed this pass),no,no,high,app/lib/services .rpc,KEEP
public,fn_payout_room_if_full,public.fn_payout_room_if_full(p_room_id uuid),postgres,plpgsql,SECURITY DEFINER,"{=X/postgres,postgres=X/postgres,anon=X/postgres,authenticated=X/postgres,service_role=X/postgres}",G. CANDIDATE_UNUSED_NEEDS_VALIDATION,none_found,,,,,no,no,(see definition; not fully parsed this pass),(see definition; not fully parsed this pass),high,no,low,finance-named; no direct .rpc found; possible shim,INVESTIGATE
public,fn_pick_dev_room_schedules,public.fn_pick_dev_room_schedules(p_limit integer),postgres,plpgsql,SECURITY DEFINER,"{=X/postgres,postgres=X/postgres,anon=X/postgres,authenticated=X/postgres,service_role=X/postgres}",A. KEEP_RAILWAY_TRANSACTION_PRIMITIVE,game-engine,,,,,yes,no,(see definition; not fully parsed this pass),(see definition; not fully parsed this pass),no,no,high,game-engine .rpc,KEEP
public,fn_ping_presence,public.fn_ping_presence(),postgres,sql,SECURITY DEFINER,"{postgres=X/postgres,anon=X/postgres,authenticated=X/postgres,service_role=X/postgres}",B. KEEP_APPLICATION_RPC,app/lib/services,,,,,no,yes,(see definition; not fully parsed this pass),(see definition; not fully parsed this pass),no,no,high,app/lib/services .rpc,KEEP
public,fn_player_game_stats,"public.fn_player_game_stats(p_user_id uuid, p_from timestamp with time zone, p_to timestamp with time zone)",postgres,plpgsql,SECURITY DEFINER,"{=X/postgres,postgres=X/postgres,anon=X/postgres,authenticated=X/postgres,service_role=X/postgres}",B. KEEP_APPLICATION_RPC,none_found,,,,,no,likely,(see definition; not fully parsed this pass),(see definition; not fully parsed this pass),no,no,medium,product helper,KEEP
public,fn_player_purchase_history,"public.fn_player_purchase_history(p_user_id uuid, p_from timestamp with time zone, p_to timestamp with time zone)",postgres,sql,SECURITY INVOKER,"{=X/postgres,postgres=X/postgres,anon=X/postgres,authenticated=X/postgres,service_role=X/postgres}",B. KEEP_APPLICATION_RPC,none_found,,,,,no,likely,(see definition; not fully parsed this pass),(see definition; not fully parsed this pass),no,no,medium,product helper,KEEP
public,fn_player_stats,"public.fn_player_stats(p_user_id uuid, p_date timestamp with time zone)",postgres,sql,SECURITY DEFINER,"{=X/postgres,postgres=X/postgres,anon=X/postgres,authenticated=X/postgres,service_role=X/postgres}",B. KEEP_APPLICATION_RPC,none_found,,,,,no,likely,(see definition; not fully parsed this pass),(see definition; not fully parsed this pass),no,no,medium,product helper,KEEP
public,fn_process_draw_jobs_batch,public.fn_process_draw_jobs_batch(),postgres,plpgsql,SECURITY INVOKER,"{postgres=X/postgres,service_role=X/postgres}",F. LEGACY_QUARANTINED,none_found,,,,,no,no,(see definition; not fully parsed this pass),(see definition; not fully parsed this pass),rollback retained,no,high,P1.7 ACL locked service_role/postgres only,KEEP_QUARANTINED
public,fn_process_draw_jobs_batch_worker,"public.fn_process_draw_jobs_batch_worker(p_worker_id integer, p_total_workers integer)",postgres,plpgsql,SECURITY INVOKER,"{postgres=X/postgres,service_role=X/postgres}",F. LEGACY_QUARANTINED,none_found,,,,,no,no,(see definition; not fully parsed this pass),(see definition; not fully parsed this pass),rollback retained,yes TS port,high,P1.7 ACL locked service_role/postgres only,KEEP_QUARANTINED
public,fn_rooms_by_ids,"public.fn_rooms_by_ids(p_room_ids uuid[], p_template_ids uuid[])",postgres,sql,SECURITY INVOKER,"{=X/postgres,postgres=X/postgres,anon=X/postgres,authenticated=X/postgres,service_role=X/postgres}",B. KEEP_APPLICATION_RPC,none_found,,,,,no,likely,(see definition; not fully parsed this pass),(see definition; not fully parsed this pass),no,no,medium,product helper,KEEP
public,fn_system_join_or_create_room,"public.fn_system_join_or_create_room(p_user_id uuid, p_template_id uuid, p_card_count integer, p_password text)",postgres,plpgsql,SECURITY DEFINER,"{=X/postgres,postgres=X/postgres,anon=X/postgres,authenticated=X/postgres,service_role=X/postgres}",A. KEEP_RAILWAY_TRANSACTION_PRIMITIVE,game-engine,,,,,yes,no,(see definition; not fully parsed this pass),(see definition; not fully parsed this pass),no,no,high,game-engine .rpc,KEEP
public,fn_tick_due_tournaments,"public.fn_tick_due_tournaments(p_limit integer, p_seed bigint, p_batch_tables integer)",postgres,sql,SECURITY DEFINER,"{=X/postgres,postgres=X/postgres,anon=X/postgres,authenticated=X/postgres,service_role=X/postgres}",A. KEEP_RAILWAY_TRANSACTION_PRIMITIVE,game-engine,,,,,yes,no,(see definition; not fully parsed this pass),(see definition; not fully parsed this pass),no,no,high,game-engine .rpc,KEEP
public,fn_tick_tournament,"public.fn_tick_tournament(p_tournament_id uuid, p_seed bigint, p_batch_tables integer[])",postgres,sql,SECURITY DEFINER,"{=X/postgres,postgres=X/postgres,anon=X/postgres,authenticated=X/postgres,service_role=X/postgres}",A. KEEP_RAILWAY_TRANSACTION_PRIMITIVE,game-engine,,,,,yes,no,(see definition; not fully parsed this pass),(see definition; not fully parsed this pass),no,no,high,game-engine .rpc,KEEP
public,fn_tournament_entry_upsert,"public.fn_tournament_entry_upsert(p_tournament_id uuid, p_user_id uuid, p_qty integer, p_amount numeric, p_status tournament_entry_status)",postgres,plpgsql,SECURITY DEFINER,"{=X/postgres,postgres=X/postgres,anon=X/postgres,authenticated=X/postgres,service_role=X/postgres}",G. CANDIDATE_UNUSED_NEEDS_VALIDATION,none_found,,,,,no,no,(see definition; not fully parsed this pass),(see definition; not fully parsed this pass),no,no,low,insufficient evidence for CONFIRMED_UNUSED,ACL_REVIEW
public,fn_tournament_wallet_capture,"public.fn_tournament_wallet_capture(p_tournament_id uuid, p_entry_id uuid, p_amount numeric, p_currency text)",postgres,plpgsql,SECURITY DEFINER,"{=X/postgres,postgres=X/postgres,anon=X/postgres,authenticated=X/postgres,service_role=X/postgres}",D. KEEP_FINANCE_OR_SECURITY_CRITICAL,none_found,,,,,no,no,(see definition; not fully parsed this pass),(see definition; not fully parsed this pass),high,no,medium,finance domain,ACL_REVIEW
public,fn_tournament_wallet_hold,"public.fn_tournament_wallet_hold(p_tournament_id uuid, p_qty integer, p_currency text, p_entry_id uuid)",postgres,plpgsql,SECURITY DEFINER,"{=X/postgres,postgres=X/postgres,anon=X/postgres,authenticated=X/postgres,service_role=X/postgres}",D. KEEP_FINANCE_OR_SECURITY_CRITICAL,app/lib/services,,,,,no,yes,(see definition; not fully parsed this pass),(see definition; not fully parsed this pass),high,no,high,app/lib/services .rpc,KEEP
public,fn_tournament_wallet_release,"public.fn_tournament_wallet_release(p_tournament_id uuid, p_currency text, p_entry_id uuid)",postgres,plpgsql,SECURITY DEFINER,"{=X/postgres,postgres=X/postgres,anon=X/postgres,authenticated=X/postgres,service_role=X/postgres}",D. KEEP_FINANCE_OR_SECURITY_CRITICAL,app/lib/services,,,,,no,yes,(see definition; not fully parsed this pass),(see definition; not fully parsed this pass),high,no,high,app/lib/services .rpc,KEEP
public,fn_try_mark_template_inactive_if_drained,public.fn_try_mark_template_inactive_if_drained(p_template_id uuid),postgres,plpgsql,SECURITY DEFINER,"{=X/postgres,postgres=X/postgres,anon=X/postgres,authenticated=X/postgres,service_role=X/postgres}",B. KEEP_APPLICATION_RPC,none_found,,,,,no,likely,(see definition; not fully parsed this pass),(see definition; not fully parsed this pass),no,no,medium,product helper,KEEP
public,fn_wallet_apply_delta,"public.fn_wallet_apply_delta(p_user_id uuid, p_currency text, p_amount_delta numeric, p_transaction_type transaction_type, p_source_kind text, p_source_ref text, p_description text, p_meta jsonb, p_allow_negative boolean)",postgres,sql,SECURITY DEFINER,"{=X/postgres,postgres=X/postgres,anon=X/postgres,authenticated=X/postgres,service_role=X/postgres}",D. KEEP_FINANCE_OR_SECURITY_CRITICAL,game-engine;app/lib/services,,,,,yes,yes,(see definition; not fully parsed this pass),(see definition; not fully parsed this pass),high,no,high,game-engine .rpc,KEEP
public,fn_wallet_transfer_panel,"public.fn_wallet_transfer_panel(p_target_id uuid, p_amount bigint, p_action text, p_description text, p_meta jsonb)",postgres,plpgsql,SECURITY DEFINER,"{postgres=X/postgres,anon=X/postgres,authenticated=X/postgres,service_role=X/postgres}",D. KEEP_FINANCE_OR_SECURITY_CRITICAL,app/lib/services,,,,,no,yes,(see definition; not fully parsed this pass),(see definition; not fully parsed this pass),high,no,high,app/lib/services .rpc,KEEP
public,fn_wallet_transfer_panel,"public.fn_wallet_transfer_panel(p_target_id uuid, p_currency text, p_amount bigint, p_direction text, p_description text)",postgres,plpgsql,SECURITY DEFINER,"{=X/postgres,postgres=X/postgres,anon=X/postgres,authenticated=X/postgres,service_role=X/postgres}",D. KEEP_FINANCE_OR_SECURITY_CRITICAL,app/lib/services,,,,,no,yes,(see definition; not fully parsed this pass),(see definition; not fully parsed this pass),high,no,high,app/lib/services .rpc,KEEP
public,fn_wallet_transfer_panel_bulk,"public.fn_wallet_transfer_panel_bulk(p_target_ids uuid[], p_currency text, p_amount bigint, p_direction text, p_description text)",postgres,plpgsql,SECURITY DEFINER,"{=X/postgres,postgres=X/postgres,anon=X/postgres,authenticated=X/postgres,service_role=X/postgres}",D. KEEP_FINANCE_OR_SECURITY_CRITICAL,none_found,,,,,no,no,(see definition; not fully parsed this pass),(see definition; not fully parsed this pass),high,no,medium,finance domain,ACL_REVIEW
public,get_daily_leaders,public.get_daily_leaders(limit_count integer),postgres,plpgsql,SECURITY DEFINER,"{=X/postgres,postgres=X/postgres,anon=X/postgres,authenticated=X/postgres,service_role=X/postgres}",B. KEEP_APPLICATION_RPC,app/lib/services,,,,,no,yes,(see definition; not fully parsed this pass),(see definition; not fully parsed this pass),no,no,high,app/lib/services .rpc,KEEP
public,get_daily_leaders_by_date,"public.get_daily_leaders_by_date(target_date date, limit_count integer)",postgres,plpgsql,SECURITY DEFINER,"{=X/postgres,postgres=X/postgres,anon=X/postgres,authenticated=X/postgres,service_role=X/postgres}",B. KEEP_APPLICATION_RPC,app/lib/services,,,,,no,yes,(see definition; not fully parsed this pass),(see definition; not fully parsed this pass),no,no,high,app/lib/services .rpc,KEEP
public,get_total_balances_by_role,public.get_total_balances_by_role(),postgres,plpgsql,SECURITY DEFINER,"{=X/postgres,postgres=X/postgres,anon=X/postgres,authenticated=X/postgres,service_role=X/postgres}",D. KEEP_FINANCE_OR_SECURITY_CRITICAL,none_found,,,,,no,no,(see definition; not fully parsed this pass),(see definition; not fully parsed this pass),high,no,medium,finance domain,ACL_REVIEW
public,get_weekly_leaders,public.get_weekly_leaders(limit_count integer),postgres,plpgsql,SECURITY DEFINER,"{=X/postgres,postgres=X/postgres,anon=X/postgres,authenticated=X/postgres,service_role=X/postgres}",B. KEEP_APPLICATION_RPC,app/lib/services,,,,,no,yes,(see definition; not fully parsed this pass),(see definition; not fully parsed this pass),no,no,high,app/lib/services .rpc,KEEP
public,handle_new_user,public.handle_new_user(),postgres,plpgsql,SECURITY DEFINER,"{=X/postgres,postgres=X/postgres,anon=X/postgres,authenticated=X/postgres,service_role=X/postgres}",E. KEEP_DATABASE_INFRASTRUCTURE,none_found,,,trigger,,no,no,(see definition; not fully parsed this pass),(see definition; not fully parsed this pass),no,no,high,trigger dependency,KEEP
public,is_admin_active,public.is_admin_active(),postgres,plpgsql,SECURITY DEFINER,"{=X/postgres,postgres=X/postgres,anon=X/postgres,authenticated=X/postgres,service_role=X/postgres}",D. KEEP_FINANCE_OR_SECURITY_CRITICAL,none_found,,,,,no,likely,(see definition; not fully parsed this pass),(see definition; not fully parsed this pass),authz,no,medium,authz/registration,ACL_REVIEW
public,is_tournament_participant,public.is_tournament_participant(p_tournament_id uuid),postgres,plpgsql,SECURITY DEFINER,"{=X/postgres,postgres=X/postgres,anon=X/postgres,authenticated=X/postgres,service_role=X/postgres}",D. KEEP_FINANCE_OR_SECURITY_CRITICAL,none_found,,,,,no,likely,(see definition; not fully parsed this pass),(see definition; not fully parsed this pass),authz,no,medium,authz/registration,ACL_REVIEW
public,load_test_cleanup,public.load_test_cleanup(p_tag text),postgres,plpgsql,SECURITY DEFINER,"{postgres=X/postgres,anon=X/postgres,authenticated=X/postgres,service_role=X/postgres}",A. KEEP_RAILWAY_TRANSACTION_PRIMITIVE,game-engine,,,,,yes,no,(see definition; not fully parsed this pass),(see definition; not fully parsed this pass),no,no,high,game-engine .rpc,KEEP
public,load_test_seed_playing_rooms,"public.load_test_seed_playing_rooms(p_room_count integer, p_tickets_per_room integer, p_draw_interval_sec integer, p_tag text)",postgres,plpgsql,SECURITY DEFINER,"{postgres=X/postgres,anon=X/postgres,authenticated=X/postgres,service_role=X/postgres}",A. KEEP_RAILWAY_TRANSACTION_PRIMITIVE,game-engine,,,,,yes,no,(see definition; not fully parsed this pass),(see definition; not fully parsed this pass),no,no,high,game-engine .rpc,KEEP
public,make_short_id_from_uuid,public.make_short_id_from_uuid(p_id uuid),postgres,plpgsql,SECURITY INVOKER,"{=X/postgres,postgres=X/postgres,anon=X/postgres,authenticated=X/postgres,service_role=X/postgres}",G. CANDIDATE_UNUSED_NEEDS_VALIDATION,none_found,,,,,no,no,(see definition; not fully parsed this pass),(see definition; not fully parsed this pass),no,no,low,helper; verify callers,INVESTIGATE
public,rpc_apply_ding_credits_for_draw,"public.rpc_apply_ding_credits_for_draw(p_room_id uuid, p_draw_number integer, p_ding_per_card integer, p_credits jsonb)",postgres,plpgsql,SECURITY DEFINER,"{=X/postgres,postgres=X/postgres,anon=X/postgres,authenticated=X/postgres,service_role=X/postgres}",D. KEEP_FINANCE_OR_SECURITY_CRITICAL,game-engine,,,,,yes,no,(see definition; not fully parsed this pass),(see definition; not fully parsed this pass),high,no,high,game-engine .rpc,KEEP
public,rpc_apply_marks_for_draw,"public.rpc_apply_marks_for_draw(p_room_id uuid, p_draw_number integer)",postgres,plpgsql,SECURITY INVOKER,"{=X/postgres,postgres=X/postgres,anon=X/postgres,authenticated=X/postgres,service_role=X/postgres}",A. KEEP_RAILWAY_TRANSACTION_PRIMITIVE,game-engine,fn_process_draw_jobs_batch*,,,,yes,no,(see definition; not fully parsed this pass),(see definition; not fully parsed this pass),no,no,high,game-engine .rpc,KEEP
public,rpc_backfill_missed_engine_ding,public.rpc_backfill_missed_engine_ding(p_room_id uuid),postgres,plpgsql,SECURITY DEFINER,"{postgres=X/postgres,anon=X/postgres,authenticated=X/postgres,service_role=X/postgres}",D. KEEP_FINANCE_OR_SECURITY_CRITICAL,none_found,,,,,no,no,(see definition; not fully parsed this pass),(see definition; not fully parsed this pass),high,no,medium,finance domain,ACL_REVIEW
public,rpc_claim_game_room,"public.rpc_claim_game_room(p_room_id uuid, p_owner_id text, p_lease_seconds integer)",postgres,plpgsql,SECURITY DEFINER,"{=X/postgres,postgres=X/postgres,anon=X/postgres,authenticated=X/postgres,service_role=X/postgres}",A. KEEP_RAILWAY_TRANSACTION_PRIMITIVE,game-engine,,,,,yes,no,(see definition; not fully parsed this pass),(see definition; not fully parsed this pass),no,no,high,game-engine .rpc,KEEP
public,rpc_finalize_engine_draw_job,"public.rpc_finalize_engine_draw_job(p_job_id bigint, p_room_id uuid, p_draw_number integer, p_marks jsonb, p_results jsonb, p_set_first_line_draw_number boolean, p_ding_per_card integer, p_credits jsonb, p_queue_wait_ms integer, p_processing_ms integer, p_drain_started_at timestamp with time zone, p_first_picked_at timestamp with time zone, p_handler_started_at timestamp with time zone, p_actor_evaluate_started_at timestamp with time zone, p_actor_finalize_started_at timestamp with time zone, p_owner_id text, p_lease_epoch bigint)",postgres,plpgsql,SECURITY DEFINER,"{=X/postgres,postgres=X/postgres,anon=X/postgres,authenticated=X/postgres,service_role=X/postgres}",A. KEEP_RAILWAY_TRANSACTION_PRIMITIVE,game-engine,,,,,yes,no,(see definition; not fully parsed this pass),(see definition; not fully parsed this pass),no,no,high,game-engine .rpc,KEEP
public,rpc_find_claimable_playing_rooms,public.rpc_find_claimable_playing_rooms(p_limit integer),postgres,sql,SECURITY DEFINER,"{=X/postgres,postgres=X/postgres,anon=X/postgres,authenticated=X/postgres,service_role=X/postgres}",A. KEEP_RAILWAY_TRANSACTION_PRIMITIVE,game-engine,,,,,yes,no,(see definition; not fully parsed this pass),(see definition; not fully parsed this pass),no,no,high,game-engine .rpc,KEEP
public,rpc_has_earlier_unprocessed_draw,"public.rpc_has_earlier_unprocessed_draw(p_room_id uuid, p_draw_number integer)",postgres,sql,SECURITY DEFINER,"{=X/postgres,postgres=X/postgres,anon=X/postgres,authenticated=X/postgres,service_role=X/postgres}",A. KEEP_RAILWAY_TRANSACTION_PRIMITIVE,game-engine,,,,,yes,no,(see definition; not fully parsed this pass),(see definition; not fully parsed this pass),no,no,high,game-engine .rpc,KEEP
public,rpc_insert_draw_if_ready,"public.rpc_insert_draw_if_ready(p_room_id uuid, p_number integer, p_now timestamp with time zone, p_draw_interval_sec integer)",postgres,plpgsql,SECURITY DEFINER,"{=X/postgres,postgres=X/postgres,anon=X/postgres,authenticated=X/postgres,service_role=X/postgres}",A. KEEP_RAILWAY_TRANSACTION_PRIMITIVE,game-engine,,,,,yes,no,(see definition; not fully parsed this pass),(see definition; not fully parsed this pass),no,no,high,game-engine .rpc,KEEP
public,rpc_insert_draw_if_ready_owner_guard,"public.rpc_insert_draw_if_ready_owner_guard(p_room_id uuid, p_number integer, p_now timestamp with time zone, p_owner_id text, p_draw_interval_sec integer, p_actor_due_at timestamp with time zone, p_lease_epoch bigint)",postgres,plpgsql,SECURITY DEFINER,"{=X/postgres,postgres=X/postgres,anon=X/postgres,authenticated=X/postgres,service_role=X/postgres}",A. KEEP_RAILWAY_TRANSACTION_PRIMITIVE,game-engine,,,,,yes,no,(see definition; not fully parsed this pass),(see definition; not fully parsed this pass),no,no,high,game-engine .rpc,KEEP
public,rpc_pick_draw_jobs,public.rpc_pick_draw_jobs(p_limit integer),postgres,plpgsql,SECURITY DEFINER,"{=X/postgres,postgres=X/postgres,anon=X/postgres,authenticated=X/postgres,service_role=X/postgres}",A. KEEP_RAILWAY_TRANSACTION_PRIMITIVE,game-engine,fn_process_draw_jobs_batch*,,,,yes,no,(see definition; not fully parsed this pass),(see definition; not fully parsed this pass),no,no,high,game-engine .rpc,KEEP
public,rpc_register_player,"public.rpc_register_player(p_username text, p_referral_code text)",postgres,plpgsql,SECURITY DEFINER,"{=X/postgres,postgres=X/postgres,anon=X/postgres,authenticated=X/postgres,service_role=X/postgres}",D. KEEP_FINANCE_OR_SECURITY_CRITICAL,none_found,,,,,no,likely,(see definition; not fully parsed this pass),(see definition; not fully parsed this pass),authz,no,medium,authz/registration,ACL_REVIEW
public,rpc_release_game_room,"public.rpc_release_game_room(p_room_id uuid, p_owner_id text, p_lease_epoch bigint)",postgres,plpgsql,SECURITY DEFINER,"{=X/postgres,postgres=X/postgres,anon=X/postgres,authenticated=X/postgres,service_role=X/postgres}",A. KEEP_RAILWAY_TRANSACTION_PRIMITIVE,game-engine,,,,,yes,no,(see definition; not fully parsed this pass),(see definition; not fully parsed this pass),no,no,high,game-engine .rpc,KEEP
public,rpc_renew_game_room_lease,"public.rpc_renew_game_room_lease(p_room_id uuid, p_owner_id text, p_lease_seconds integer, p_lease_epoch bigint)",postgres,plpgsql,SECURITY DEFINER,"{=X/postgres,postgres=X/postgres,anon=X/postgres,authenticated=X/postgres,service_role=X/postgres}",A. KEEP_RAILWAY_TRANSACTION_PRIMITIVE,game-engine,,,,,yes,no,(see definition; not fully parsed this pass),(see definition; not fully parsed this pass),no,no,high,game-engine .rpc,KEEP
public,rpc_requeue_failed_draw_jobs,public.rpc_requeue_failed_draw_jobs(),postgres,sql,SECURITY DEFINER,"{=X/postgres,postgres=X/postgres,anon=X/postgres,authenticated=X/postgres,service_role=X/postgres}",C. KEEP_MAINTENANCE,none_found,,,,,no,no,(see definition; not fully parsed this pass),(see definition; not fully parsed this pass),no,no,medium,maintenance/pool helper,KEEP
public,set_updated_at,public.set_updated_at(),postgres,plpgsql,SECURITY INVOKER,"{=X/postgres,postgres=X/postgres,anon=X/postgres,authenticated=X/postgres,service_role=X/postgres}",E. KEEP_DATABASE_INFRASTRUCTURE,none_found,,,trigger,,no,no,(see definition; not fully parsed this pass),(see definition; not fully parsed this pass),no,no,high,trigger dependency,KEEP
public,set_user_profiles_updated_at,public.set_user_profiles_updated_at(),postgres,plpgsql,SECURITY INVOKER,"{=X/postgres,postgres=X/postgres,anon=X/postgres,authenticated=X/postgres,service_role=X/postgres}",E. KEEP_DATABASE_INFRASTRUCTURE,none_found,,,trigger,,no,no,(see definition; not fully parsed this pass),(see definition; not fully parsed this pass),no,no,high,trigger dependency,KEEP
public,test_active_cards_bypass_rls,public.test_active_cards_bypass_rls(p_room_id uuid),postgres,sql,SECURITY DEFINER,"{postgres=X/postgres,anon=X/postgres,authenticated=X/postgres,service_role=X/postgres}",G. CANDIDATE_UNUSED_NEEDS_VALIDATION,none_found,,,,,load-test scripts only,no,(see definition; not fully parsed this pass),(see definition; not fully parsed this pass),no,no,medium,debug/test/monitor,INVESTIGATE
public,test_constraint_resolution,public.test_constraint_resolution(),postgres,plpgsql,SECURITY INVOKER,"{=X/postgres,postgres=X/postgres,anon=X/postgres,authenticated=X/postgres,service_role=X/postgres}",G. CANDIDATE_UNUSED_NEEDS_VALIDATION,none_found,,,,,load-test scripts only,no,(see definition; not fully parsed this pass),(see definition; not fully parsed this pass),no,no,medium,debug/test/monitor,INVESTIGATE
public,trg_debug_rooms_status,public.trg_debug_rooms_status(),postgres,plpgsql,SECURITY DEFINER,"{=X/postgres,postgres=X/postgres,anon=X/postgres,authenticated=X/postgres,service_role=X/postgres}",E. KEEP_DATABASE_INFRASTRUCTURE,none_found,,,trigger,,no,no,(see definition; not fully parsed this pass),(see definition; not fully parsed this pass),no,no,high,trigger dependency,KEEP
public,trg_rooms_status_template_draining,public.trg_rooms_status_template_draining(),postgres,plpgsql,SECURITY DEFINER,"{=X/postgres,postgres=X/postgres,anon=X/postgres,authenticated=X/postgres,service_role=X/postgres}",E. KEEP_DATABASE_INFRASTRUCTURE,none_found,,,trigger,,no,no,(see definition; not fully parsed this pass),(see definition; not fully parsed this pass),no,no,high,trigger dependency,KEEP
public,trg_sync_room_winners_from_results,public.trg_sync_room_winners_from_results(),postgres,plpgsql,SECURITY INVOKER,"{=X/postgres,postgres=X/postgres,anon=X/postgres,authenticated=X/postgres,service_role=X/postgres}",E. KEEP_DATABASE_INFRASTRUCTURE,none_found,,,trigger,,no,no,(see definition; not fully parsed this pass),(see definition; not fully parsed this pass),no,no,high,trigger dependency,KEEP
public,update_admin_permissions_updated_at,public.update_admin_permissions_updated_at(),postgres,plpgsql,SECURITY INVOKER,"{=X/postgres,postgres=X/postgres,anon=X/postgres,authenticated=X/postgres,service_role=X/postgres}",E. KEEP_DATABASE_INFRASTRUCTURE,none_found,,,trigger,,no,no,(see definition; not fully parsed this pass),(see definition; not fully parsed this pass),no,no,high,trigger dependency,KEEP
public,update_dev_player_configs_updated_at,public.update_dev_player_configs_updated_at(),postgres,plpgsql,SECURITY INVOKER,"{=X/postgres,postgres=X/postgres,anon=X/postgres,authenticated=X/postgres,service_role=X/postgres}",E. KEEP_DATABASE_INFRASTRUCTURE,none_found,,,trigger,,no,no,(see definition; not fully parsed this pass),(see definition; not fully parsed this pass),no,no,high,trigger dependency,KEEP
public,update_dev_player_join_preset_template_limits_updated_at,public.update_dev_player_join_preset_template_limits_updated_at(),postgres,plpgsql,SECURITY INVOKER,"{=X/postgres,postgres=X/postgres,anon=X/postgres,authenticated=X/postgres,service_role=X/postgres}",E. KEEP_DATABASE_INFRASTRUCTURE,none_found,,,trigger,,no,no,(see definition; not fully parsed this pass),(see definition; not fully parsed this pass),no,no,high,trigger dependency,KEEP
public,update_dev_player_join_presets_updated_at,public.update_dev_player_join_presets_updated_at(),postgres,plpgsql,SECURITY INVOKER,"{=X/postgres,postgres=X/postgres,anon=X/postgres,authenticated=X/postgres,service_role=X/postgres}",E. KEEP_DATABASE_INFRASTRUCTURE,none_found,,,trigger,,no,no,(see definition; not fully parsed this pass),(see definition; not fully parsed this pass),no,no,high,trigger dependency,KEEP
public,update_dev_player_settings_updated_at,public.update_dev_player_settings_updated_at(),postgres,plpgsql,SECURITY INVOKER,"{=X/postgres,postgres=X/postgres,anon=X/postgres,authenticated=X/postgres,service_role=X/postgres}",E. KEEP_DATABASE_INFRASTRUCTURE,none_found,,,trigger,,no,no,(see definition; not fully parsed this pass),(see definition; not fully parsed this pass),no,no,high,trigger dependency,KEEP
public,update_dev_player_template_room_limits_updated_at,public.update_dev_player_template_room_limits_updated_at(),postgres,plpgsql,SECURITY INVOKER,"{=X/postgres,postgres=X/postgres,anon=X/postgres,authenticated=X/postgres,service_role=X/postgres}",E. KEEP_DATABASE_INFRASTRUCTURE,none_found,,,trigger,,no,no,(see definition; not fully parsed this pass),(see definition; not fully parsed this pass),no,no,high,trigger dependency,KEEP
public,update_ding_balance,"public.update_ding_balance(p_user_id uuid, p_amount numeric)",postgres,plpgsql,SECURITY INVOKER,"{=X/postgres,postgres=X/postgres,anon=X/postgres,authenticated=X/postgres,service_role=X/postgres}",G. CANDIDATE_UNUSED_NEEDS_VALIDATION,none_found,,,,,no,no,(see definition; not fully parsed this pass),(see definition; not fully parsed this pass),high,no,low,finance-named; no direct .rpc found; possible shim,INVESTIGATE
public,update_entry_banners_updated_at,public.update_entry_banners_updated_at(),postgres,plpgsql,SECURITY INVOKER,"{=X/postgres,postgres=X/postgres,anon=X/postgres,authenticated=X/postgres,service_role=X/postgres}",E. KEEP_DATABASE_INFRASTRUCTURE,none_found,,,trigger,,no,no,(see definition; not fully parsed this pass),(see definition; not fully parsed this pass),no,no,high,trigger dependency,KEEP
public,update_user_notes_updated_at,public.update_user_notes_updated_at(),postgres,plpgsql,SECURITY INVOKER,"{=X/postgres,postgres=X/postgres,anon=X/postgres,authenticated=X/postgres,service_role=X/postgres}",E. KEEP_DATABASE_INFRASTRUCTURE,none_found,,,trigger,,no,no,(see definition; not fully parsed this pass),(see definition; not fully parsed this pass),no,no,high,trigger dependency,KEEP
tournament,_assert_registration_open,tournament._assert_registration_open(p_tournament_id uuid),postgres,plpgsql,SECURITY INVOKER,NULL,E. KEEP_DATABASE_INFRASTRUCTURE,none_found,,,,,no,no,(see definition; not fully parsed this pass),(see definition; not fully parsed this pass),no,no,high,internal/trigger,KEEP
tournament,_assert_status,"tournament._assert_status(p_tournament_id uuid, p_allowed tournament_status[])",postgres,plpgsql,SECURITY INVOKER,NULL,E. KEEP_DATABASE_INFRASTRUCTURE,none_found,,,,,no,no,(see definition; not fully parsed this pass),(see definition; not fully parsed this pass),no,no,high,internal/trigger,KEEP
tournament,_assert_tournament_exists,tournament._assert_tournament_exists(p_tournament_id uuid),postgres,plpgsql,SECURITY INVOKER,NULL,E. KEEP_DATABASE_INFRASTRUCTURE,none_found,,,,,no,no,(see definition; not fully parsed this pass),(see definition; not fully parsed this pass),no,no,high,internal/trigger,KEEP
tournament,buy_tickets,"tournament.buy_tickets(p_tournament_id uuid, p_delta integer)",postgres,plpgsql,SECURITY DEFINER,"{=X/postgres,postgres=X/postgres,authenticated=X/postgres}",B. KEEP_APPLICATION_RPC,none_found,,,,,no,likely,(see definition; not fully parsed this pass),(see definition; not fully parsed this pass),high,no,medium,tournament product RPC,KEEP
tournament,cancel_registration,tournament.cancel_registration(p_tournament_id uuid),postgres,plpgsql,SECURITY DEFINER,"{=X/postgres,postgres=X/postgres,authenticated=X/postgres}",B. KEEP_APPLICATION_RPC,none_found,,,,,no,likely,(see definition; not fully parsed this pass),(see definition; not fully parsed this pass),no,no,medium,tournament product RPC,KEEP
tournament,capture_entry_locks,tournament.capture_entry_locks(p_tournament_id uuid),postgres,plpgsql,SECURITY DEFINER,"{=X/postgres,postgres=X/postgres,authenticated=X/postgres}",D. KEEP_FINANCE_OR_SECURITY_CRITICAL,none_found,,,,,no,no,(see definition; not fully parsed this pass),(see definition; not fully parsed this pass),high,no,medium,finance domain,ACL_REVIEW
tournament,close_registration,tournament.close_registration(p_tournament_id uuid),postgres,plpgsql,SECURITY DEFINER,"{=X/postgres,postgres=X/postgres,authenticated=X/postgres}",B. KEEP_APPLICATION_RPC,none_found,,,,,no,likely,(see definition; not fully parsed this pass),(see definition; not fully parsed this pass),no,no,medium,tournament product RPC,KEEP
tournament,fn_admin_create_tournament,tournament.fn_admin_create_tournament(p_payload jsonb),postgres,plpgsql,SECURITY DEFINER,"{=X/postgres,postgres=X/postgres,authenticated=X/postgres}",B. KEEP_APPLICATION_RPC,app/lib/services,,,,,no,yes,(see definition; not fully parsed this pass),(see definition; not fully parsed this pass),no,no,high,app/lib/services .rpc,KEEP
tournament,fn_admin_delete_tournament,tournament.fn_admin_delete_tournament(p_tournament_id uuid),postgres,plpgsql,SECURITY DEFINER,"{=X/postgres,postgres=X/postgres,authenticated=X/postgres}",B. KEEP_APPLICATION_RPC,app/lib/services,,,,,no,yes,(see definition; not fully parsed this pass),(see definition; not fully parsed this pass),no,no,high,app/lib/services .rpc,KEEP
tournament,fn_admin_refund_cancelled_tournament,tournament.fn_admin_refund_cancelled_tournament(p_tournament_id uuid),postgres,plpgsql,SECURITY DEFINER,NULL,D. KEEP_FINANCE_OR_SECURITY_CRITICAL,none_found,,,,,no,no,(see definition; not fully parsed this pass),(see definition; not fully parsed this pass),high,no,medium,finance domain,ACL_REVIEW
tournament,fn_admin_set_tournament_status,"tournament.fn_admin_set_tournament_status(p_tournament_id uuid, p_status tournament_status)",postgres,plpgsql,SECURITY DEFINER,"{=X/postgres,postgres=X/postgres,authenticated=X/postgres}",B. KEEP_APPLICATION_RPC,app/lib/services,,,,,no,yes,(see definition; not fully parsed this pass),(see definition; not fully parsed this pass),no,no,high,app/lib/services .rpc,KEEP
tournament,fn_admin_update_tournament,"tournament.fn_admin_update_tournament(p_tournament_id uuid, p_patch jsonb)",postgres,plpgsql,SECURITY DEFINER,"{=X/postgres,postgres=X/postgres,authenticated=X/postgres}",B. KEEP_APPLICATION_RPC,app/lib/services,,,,,no,yes,(see definition; not fully parsed this pass),(see definition; not fully parsed this pass),no,no,high,app/lib/services .rpc,KEEP
tournament,fn_assign_templates_for_round,"tournament.fn_assign_templates_for_round(p_tournament_id uuid, p_round_no integer, p_batch_tables integer[])",postgres,plpgsql,SECURITY INVOKER,NULL,A. KEEP_RAILWAY_TRANSACTION_PRIMITIVE,none_found,,,,,via tick chain,no,(see definition; not fully parsed this pass),(see definition; not fully parsed this pass),no,no,medium,tournament lifecycle SoR,KEEP
tournament,fn_burn_ding_locks,tournament.fn_burn_ding_locks(p_tournament_id uuid),postgres,plpgsql,SECURITY DEFINER,NULL,D. KEEP_FINANCE_OR_SECURITY_CRITICAL,none_found,,,,,no,no,(see definition; not fully parsed this pass),(see definition; not fully parsed this pass),high,no,medium,finance domain,ACL_REVIEW
tournament,fn_calc_commission,"tournament.fn_calc_commission(p_tournament_id uuid, p_user_id uuid, p_gross numeric)",postgres,plpgsql,SECURITY DEFINER,NULL,D. KEEP_FINANCE_OR_SECURITY_CRITICAL,none_found,,,,,no,no,(see definition; not fully parsed this pass),(see definition; not fully parsed this pass),high,no,medium,finance domain,ACL_REVIEW
tournament,fn_capture_entry_locks,tournament.fn_capture_entry_locks(p_tournament_id uuid),postgres,plpgsql,SECURITY DEFINER,NULL,D. KEEP_FINANCE_OR_SECURITY_CRITICAL,none_found,,,,,no,no,(see definition; not fully parsed this pass),(see definition; not fully parsed this pass),high,no,medium,finance domain,ACL_REVIEW
tournament,fn_commission_payout,"tournament.fn_commission_payout(p_tournament_id uuid, p_entry_id uuid)",postgres,plpgsql,SECURITY DEFINER,NULL,D. KEEP_FINANCE_OR_SECURITY_CRITICAL,none_found,,,,,no,no,(see definition; not fully parsed this pass),(see definition; not fully parsed this pass),high,no,medium,finance domain,ACL_REVIEW
tournament,fn_commission_snapshot,"tournament.fn_commission_snapshot(p_tournament_id uuid, p_entry_id uuid)",postgres,plpgsql,SECURITY DEFINER,NULL,D. KEEP_FINANCE_OR_SECURITY_CRITICAL,none_found,,,,,no,no,(see definition; not fully parsed this pass),(see definition; not fully parsed this pass),high,no,medium,finance domain,ACL_REVIEW
tournament,fn_commission_snapshot_entry,"tournament.fn_commission_snapshot_entry(p_tournament_id uuid, p_entry_id uuid)",postgres,plpgsql,SECURITY DEFINER,NULL,D. KEEP_FINANCE_OR_SECURITY_CRITICAL,none_found,,,,,no,no,(see definition; not fully parsed this pass),(see definition; not fully parsed this pass),high,no,medium,finance domain,ACL_REVIEW
tournament,fn_create_or_get_table_template,"tournament.fn_create_or_get_table_template(p_tournament_id uuid, p_round_no integer, p_table_no integer)",postgres,plpgsql,SECURITY INVOKER,NULL,A. KEEP_RAILWAY_TRANSACTION_PRIMITIVE,none_found,,,,,via tick chain,no,(see definition; not fully parsed this pass),(see definition; not fully parsed this pass),no,no,medium,tournament lifecycle SoR,KEEP
tournament,fn_create_rooms_for_round,"tournament.fn_create_rooms_for_round(p_tournament_id uuid, p_round_no integer, p_force_pool_id uuid)",postgres,plpgsql,SECURITY DEFINER,NULL,A. KEEP_RAILWAY_TRANSACTION_PRIMITIVE,none_found,,,,,via tick chain,no,(see definition; not fully parsed this pass),(see definition; not fully parsed this pass),no,no,medium,tournament lifecycle SoR,KEEP
tournament,fn_join_table,"tournament.fn_join_table(p_tournament_id uuid, p_round_no integer, p_table_no integer, p_user_id uuid, p_card_count integer)",postgres,plpgsql,SECURITY DEFINER,NULL,A. KEEP_RAILWAY_TRANSACTION_PRIMITIVE,none_found,,,,,via tick chain,no,(see definition; not fully parsed this pass),(see definition; not fully parsed this pass),no,no,medium,tournament lifecycle SoR,KEEP
tournament,fn_manage_tournament_cycle,"tournament.fn_manage_tournament_cycle(p_tournament_id uuid, p_seed bigint)",postgres,plpgsql,SECURITY INVOKER,NULL,A. KEEP_RAILWAY_TRANSACTION_PRIMITIVE,none_found,,,,,via tick chain,no,(see definition; not fully parsed this pass),(see definition; not fully parsed this pass),no,no,medium,tournament lifecycle SoR,KEEP
tournament,fn_payout_tournament,tournament.fn_payout_tournament(p_tournament_id uuid),postgres,plpgsql,SECURITY DEFINER,NULL,D. KEEP_FINANCE_OR_SECURITY_CRITICAL,none_found,,,,,no,no,(see definition; not fully parsed this pass),(see definition; not fully parsed this pass),high,no,medium,finance domain,ACL_REVIEW
tournament,fn_pick_admin_user,tournament.fn_pick_admin_user(p_admin_user uuid),postgres,plpgsql,SECURITY DEFINER,NULL,B. KEEP_APPLICATION_RPC,none_found,,,,,no,likely,(see definition; not fully parsed this pass),(see definition; not fully parsed this pass),no,no,medium,tournament product RPC,KEEP
tournament,fn_seat_players_for_round,"tournament.fn_seat_players_for_round(p_tournament_id uuid, p_round_no integer, p_batch_tables integer)",postgres,plpgsql,SECURITY DEFINER,NULL,A. KEEP_RAILWAY_TRANSACTION_PRIMITIVE,none_found,,,,,via tick chain,no,(see definition; not fully parsed this pass),(see definition; not fully parsed this pass),no,no,medium,tournament lifecycle SoR,KEEP
tournament,fn_seat_table_players,"tournament.fn_seat_table_players(p_tournament_id uuid, p_round_no integer, p_table_no integer)",postgres,plpgsql,SECURITY INVOKER,NULL,A. KEEP_RAILWAY_TRANSACTION_PRIMITIVE,none_found,,,,,via tick chain,no,(see definition; not fully parsed this pass),(see definition; not fully parsed this pass),no,no,medium,tournament lifecycle SoR,KEEP
tournament,fn_settle_commission_payouts,tournament.fn_settle_commission_payouts(p_tournament_id uuid),postgres,plpgsql,SECURITY DEFINER,NULL,D. KEEP_FINANCE_OR_SECURITY_CRITICAL,none_found,,,,,no,no,(see definition; not fully parsed this pass),(see definition; not fully parsed this pass),high,no,medium,finance domain,ACL_REVIEW
tournament,fn_tick_due_tournaments,"tournament.fn_tick_due_tournaments(p_limit integer, p_seed bigint, p_batch_tables integer)",postgres,plpgsql,SECURITY DEFINER,NULL,A. KEEP_RAILWAY_TRANSACTION_PRIMITIVE,game-engine,,,,,yes,no,(see definition; not fully parsed this pass),(see definition; not fully parsed this pass),no,no,high,game-engine .rpc,KEEP
tournament,fn_tick_tournament,"tournament.fn_tick_tournament(p_tournament_id uuid, p_seed bigint, p_batch_tables integer[])",postgres,plpgsql,SECURITY DEFINER,NULL,A. KEEP_RAILWAY_TRANSACTION_PRIMITIVE,game-engine,,,,,yes,no,(see definition; not fully parsed this pass),(see definition; not fully parsed this pass),no,no,high,game-engine .rpc,KEEP
tournament,fn_tick_tournament_batch,"tournament.fn_tick_tournament_batch(p_tournament_id uuid, p_seed text, p_batch_tables integer[])",postgres,plpgsql,SECURITY DEFINER,NULL,A. KEEP_RAILWAY_TRANSACTION_PRIMITIVE,none_found,,,,,via tick chain,no,(see definition; not fully parsed this pass),(see definition; not fully parsed this pass),no,no,medium,tournament lifecycle SoR,KEEP
tournament,fn_wallet_capture_join,"tournament.fn_wallet_capture_join(p_tournament_id uuid, p_entry_id uuid, p_amount numeric, p_currency text)",postgres,plpgsql,SECURITY DEFINER,NULL,D. KEEP_FINANCE_OR_SECURITY_CRITICAL,none_found,,,,,no,no,(see definition; not fully parsed this pass),(see definition; not fully parsed this pass),high,no,medium,finance domain,ACL_REVIEW
tournament,get_my_registration,tournament.get_my_registration(p_tournament_id uuid),postgres,sql,SECURITY DEFINER,"{=X/postgres,postgres=X/postgres,authenticated=X/postgres}",B. KEEP_APPLICATION_RPC,none_found,,,,,no,likely,(see definition; not fully parsed this pass),(see definition; not fully parsed this pass),no,no,medium,tournament product RPC,KEEP
tournament,open_registration,tournament.open_registration(p_tournament_id uuid),postgres,plpgsql,SECURITY DEFINER,"{=X/postgres,postgres=X/postgres,authenticated=X/postgres}",B. KEEP_APPLICATION_RPC,none_found,,,,,no,likely,(see definition; not fully parsed this pass),(see definition; not fully parsed this pass),no,no,medium,tournament product RPC,KEEP
tournament,release_entry_locks,tournament.release_entry_locks(p_tournament_id uuid),postgres,plpgsql,SECURITY DEFINER,"{=X/postgres,postgres=X/postgres,authenticated=X/postgres}",B. KEEP_APPLICATION_RPC,none_found,,,,,no,likely,(see definition; not fully parsed this pass),(see definition; not fully parsed this pass),high,no,medium,tournament product RPC,KEEP
tournament,sync_my_entry_lock,tournament.sync_my_entry_lock(p_tournament_id uuid),postgres,plpgsql,SECURITY DEFINER,"{=X/postgres,postgres=X/postgres,authenticated=X/postgres}",B. KEEP_APPLICATION_RPC,none_found,,,,,no,likely,(see definition; not fully parsed this pass),(see definition; not fully parsed this pass),no,no,medium,tournament product RPC,KEEP
tournament,trg_guard_tournament_entry_mutations,tournament.trg_guard_tournament_entry_mutations(),postgres,plpgsql,SECURITY DEFINER,NULL,E. KEEP_DATABASE_INFRASTRUCTURE,none_found,,,trigger,,no,no,(see definition; not fully parsed this pass),(see definition; not fully parsed this pass),no,no,high,trigger dependency,KEEP
tournament,trg_on_entry_cancel_cleanup,tournament.trg_on_entry_cancel_cleanup(),postgres,plpgsql,SECURITY DEFINER,NULL,E. KEEP_DATABASE_INFRASTRUCTURE,none_found,,,trigger,,no,no,(see definition; not fully parsed this pass),(see definition; not fully parsed this pass),no,no,high,trigger dependency,KEEP
tournament,trg_te_commission_snapshot,tournament.trg_te_commission_snapshot(),postgres,plpgsql,SECURITY DEFINER,NULL,E. KEEP_DATABASE_INFRASTRUCTURE,none_found,,,trigger,,no,no,(see definition; not fully parsed this pass),(see definition; not fully parsed this pass),medium,no,high,trigger dependency,KEEP
tournament,trg_tournament_entries_snapshot_bd,tournament.trg_tournament_entries_snapshot_bd(),postgres,plpgsql,SECURITY DEFINER,NULL,E. KEEP_DATABASE_INFRASTRUCTURE,none_found,,,trigger,,no,no,(see definition; not fully parsed this pass),(see definition; not fully parsed this pass),no,no,high,trigger dependency,KEEP