schema,function_name,signature,security_mode,secure_search_path,current_public_execute,current_anon_execute,current_authenticated_execute,current_service_role_execute,current_postgres_execute,actual_callers,repository_evidence,database_dependency_evidence,internal_authorization,authorization_details,definer_justification,rls_bypass_risk,financial_or_privileged_side_effect,recommended_acl,risk_level,proposed_action,confidence,notes
game_core,api_get_room_state,game_core.api_get_room_state(p_room_id uuid),SECURITY INVOKER,no,true,true,true,true,true,Railway service_role,game-engine; game-engine .rpc,none_found,NONE,service-role/cron assumed; no end-user authorization in body,NOT_APPLICABLE,low (INVOKER),no,postgres + service_role,HIGH,REVIEW_FUNCTION_AUTHORIZATION,medium,direct grants: anon=false; auth=false; service=true; PUBLIC=true
game_core,fn_cancel_waiting_room_single,"game_core.fn_cancel_waiting_room_single(p_room uuid, p_actor uuid, p_reason text, p_require_single_player boolean, p_now timestamp with time zone)",SECURITY DEFINER,no,true,true,true,true,true,no active caller found,none_found,none_found,UNKNOWN,body not fully reviewed this pass,UNKNOWN,medium (DEFINER; mitigated if strong internal auth),no,authenticated with mandatory internal role check,HIGH,REVIEW_SECURITY_DEFINER,low,direct grants: anon=false; auth=false; service=true; PUBLIC=true; DEFINER without explicit search_path
game_core,fn_cancel_waiting_rooms,"game_core.fn_cancel_waiting_rooms(p_room uuid, p_by_admin boolean)",SECURITY INVOKER,no,true,true,true,true,true,no active caller found,none_found,none_found,PARTIAL,auth.uid referenced; raise/guard patterns,NOT_APPLICABLE,low (INVOKER),no,authenticated with mandatory internal role check,MEDIUM,REDUCE_ACL_IN_P1_9B,medium,direct grants: anon=true; auth=true; service=true; PUBLIC=true
game_core,fn_cancel_waiting_rooms,"game_core.fn_cancel_waiting_rooms(p_room uuid, p_by_admin boolean, p_requester uuid)",SECURITY DEFINER,no,true,true,true,true,true,no active caller found,none_found,none_found,STRONG,auth.uid referenced; role/admin keywords; raise/guard patterns,UNKNOWN,medium (DEFINER; mitigated if strong internal auth),no,authenticated with mandatory internal role check,MEDIUM,REDUCE_ACL_IN_P1_9B,medium,direct grants: anon=false; auth=false; service=true; PUBLIC=true; DEFINER without explicit search_path
game_core,fn_confirm_win,"game_core.fn_confirm_win(p_room_id uuid, p_ticket_id uuid, p_type text)",SECURITY INVOKER,no,true,true,true,true,true,no active caller found,none_found,none_found,NONE,no auth.uid / role gate in mutation body; relies on ACL + caller trust,NOT_APPLICABLE,low (INVOKER),no,manual review required,CRITICAL,MANUAL_REVIEW_REQUIRED,low,P1.8 candidate-unused (not removable); direct grants: anon=true; auth=true; service=true; PUBLIC=true
game_core,fn_ensure_waiting_started_at,"game_core.fn_ensure_waiting_started_at(p_room uuid, p_now timestamp with time zone)",SECURITY DEFINER,yes,true,true,true,true,true,another database function,none_found,none_found,UNKNOWN,body not fully reviewed this pass,UNKNOWN,medium (DEFINER; mitigated if strong internal auth),no,manual review required,HIGH,MANUAL_REVIEW_REQUIRED,low,direct grants: anon=false; auth=false; service=false; PUBLIC=true
game_core,fn_evaluate_room_after_draw,"game_core.fn_evaluate_room_after_draw(p_room uuid, p_draw integer)",SECURITY INVOKER,no,true,true,true,true,true,Railway service_role; another database function,game-engine; game-engine .rpc,janitor_repair; rpc_apply_marks; batch workers,NONE,service-role/cron assumed; no end-user authorization in body,NOT_APPLICABLE,low (INVOKER),no,postgres + service_role,HIGH,REVIEW_FUNCTION_AUTHORIZATION,medium,direct grants: anon=true; auth=true; service=true; PUBLIC=true
game_core,fn_force_cancel_waiting_room,"game_core.fn_force_cancel_waiting_room(p_room uuid, p_reason text, p_now timestamp with time zone)",SECURITY DEFINER,yes,true,true,true,true,true,another database function,none_found,fn_janitor_sweep,UNKNOWN,body not fully reviewed this pass,UNKNOWN,medium (DEFINER; mitigated if strong internal auth),no,manual review required,HIGH,MANUAL_REVIEW_REQUIRED,low,direct grants: anon=false; auth=false; service=false; PUBLIC=true
game_core,fn_generate_card_pool,"game_core.fn_generate_card_pool(p_card_count integer, p_created_by uuid, p_prng_version text)",SECURITY DEFINER,no,true,true,true,true,true,authenticated player,app/lib/services; app/api|services|lib .rpc,none_found,UNKNOWN,body not fully reviewed this pass,UNKNOWN,medium (DEFINER; mitigated if strong internal auth),no,authenticated with mandatory internal role check,HIGH,REVIEW_SECURITY_DEFINER,low,direct grants: anon=false; auth=false; service=true; PUBLIC=true; DEFINER without explicit search_path
game_core,fn_generate_card_pool_step,game_core.fn_generate_card_pool_step(p_batch_size integer),SECURITY DEFINER,no,true,true,true,true,true,cron/postgres,none_found,cron:cron.fn_generate_card_pool_step,NONE,service-role/cron assumed; no end-user authorization in body,DEFINER_NOT_JUSTIFIED,high (DEFINER + weak auth),no,postgres only,HIGH,REVIEW_SECURITY_DEFINER,medium,direct grants: anon=false; auth=false; service=true; PUBLIC=true; DEFINER without explicit search_path
game_core,fn_generate_room_seed,game_core.fn_generate_room_seed(),SECURITY INVOKER,no,true,true,true,true,true,another database function,none_found,none_found,UNKNOWN,body not fully reviewed this pass,NOT_APPLICABLE,low (INVOKER),no,manual review required,MEDIUM,MANUAL_REVIEW_REQUIRED,low,direct grants: anon=false; auth=false; service=true; PUBLIC=true
game_core,fn_janitor_repair_unsettled_finished,game_core.fn_janitor_repair_unsettled_finished(p_limit integer),SECURITY DEFINER,yes,true,true,true,true,true,Railway service_role,game-engine; game-engine .rpc,none_found,NONE,service-role/cron assumed; no end-user authorization in body,DEFINER_PROBABLY_REQUIRED,high (DEFINER bypasses RLS by default),yes,postgres + service_role,CRITICAL,REVIEW_FUNCTION_AUTHORIZATION,medium,direct grants: anon=false; auth=false; service=false; PUBLIC=true
game_core,fn_janitor_sweep,game_core.fn_janitor_sweep(),SECURITY DEFINER,yes,true,true,true,true,true,cron/postgres,none_found,cron:cron.fn_janitor_sweep,NONE,service-role/cron assumed; no end-user authorization in body,DEFINER_NOT_JUSTIFIED,high (DEFINER + weak auth),no,postgres only,HIGH,REDUCE_ACL_IN_P1_9B,medium,direct grants: anon=false; auth=false; service=true; PUBLIC=true
game_core,fn_join_or_create_room_base,"game_core.fn_join_or_create_room_base(p_template_id uuid, p_card_count integer, p_password text)",SECURITY DEFINER,yes,true,true,true,true,true,another database function,none_found,none_found,UNKNOWN,body not fully reviewed this pass,DEFINER_PROBABLY_REQUIRED,medium (DEFINER; mitigated if strong internal auth),no,authenticated with mandatory internal role check,HIGH,REDUCE_ACL_IN_P1_9B,low,direct grants: anon=false; auth=false; service=true; PUBLIC=true
game_core,fn_join_or_create_room_core,"game_core.fn_join_or_create_room_core(p_template_id uuid, p_card_count integer, p_password text)",SECURITY DEFINER,yes,true,true,true,true,true,another database function,none_found,none_found,PARTIAL,auth.uid referenced; raise/guard patterns,DEFINER_PROBABLY_REQUIRED,medium (DEFINER; mitigated if strong internal auth),no,authenticated with mandatory internal role check,MEDIUM,REDUCE_ACL_IN_P1_9B,medium,direct grants: anon=false; auth=false; service=true; PUBLIC=true
game_core,fn_manage_room_live_actions,game_core.fn_manage_room_live_actions(),SECURITY INVOKER,no,false,false,false,true,true,migration/rollback only; another database function,none_found,public.fn_heartbeat_tick,NOT_APPLICABLE,quarantined; service_role/postgres only ACL,NOT_APPLICABLE,low (INVOKER),no,postgres + service_role,LOW,KEEP_CURRENT_ACL,high,P1.7 quarantined; KEEP_CURRENT_ACL; direct grants: anon=false; auth=false; service=true; PUBLIC=false
game_core,fn_manage_waiting_rooms,"game_core.fn_manage_waiting_rooms(p_limit integer, p_capture boolean)",SECURITY DEFINER,yes,false,false,false,true,true,migration/rollback only; another database function,none_found,public.fn_heartbeat_tick,NOT_APPLICABLE,quarantined; service_role/postgres only ACL,UNKNOWN,medium (DEFINER; mitigated if strong internal auth),no,postgres + service_role,LOW,KEEP_CURRENT_ACL,high,P1.7 quarantined; KEEP_CURRENT_ACL; direct grants: anon=false; auth=false; service=true; PUBLIC=false
game_core,fn_payout_room,game_core.fn_payout_room(p_room uuid),SECURITY DEFINER,no,true,true,true,true,true,another database function,none_found,fn_confirm_win,NONE,no auth.uid / role gate in mutation body; relies on ACL + caller trust,DEFINER_PROBABLY_REQUIRED,high (DEFINER bypasses RLS by default),yes,postgres + service_role,CRITICAL,REVIEW_FUNCTION_AUTHORIZATION,medium,direct grants: anon=true; auth=true; service=true; PUBLIC=true; DEFINER without explicit search_path
game_core,fn_requeue_failed_draw_jobs,game_core.fn_requeue_failed_draw_jobs(),SECURITY DEFINER,yes,true,true,true,true,true,another database function,none_found,fn_janitor_sweep; public.rpc_requeue_failed_draw_jobs,UNKNOWN,body not fully reviewed this pass,UNKNOWN,medium (DEFINER; mitigated if strong internal auth),no,manual review required,HIGH,MANUAL_REVIEW_REQUIRED,low,direct grants: anon=false; auth=false; service=true; PUBLIC=true
game_core,fn_stamp_orphan_draws_on_terminal_rooms,game_core.fn_stamp_orphan_draws_on_terminal_rooms(),SECURITY DEFINER,yes,true,true,true,true,true,another database function,none_found,fn_janitor_sweep,UNKNOWN,body not fully reviewed this pass,UNKNOWN,medium (DEFINER; mitigated if strong internal auth),no,manual review required,HIGH,MANUAL_REVIEW_REQUIRED,low,direct grants: anon=false; auth=false; service=true; PUBLIC=true
game_core,fn_sync_player_affiliation_for_user,game_core.fn_sync_player_affiliation_for_user(p_user_id uuid),SECURITY DEFINER,yes,true,true,true,true,true,no active caller found,none_found,none_found,PARTIAL,role-related keywords present,UNKNOWN,medium (DEFINER; mitigated if strong internal auth),no,manual review required,MEDIUM,MANUAL_REVIEW_REQUIRED,low,direct grants: anon=false; auth=false; service=true; PUBLIC=true
game_core,fn_system_join_or_create_room,"game_core.fn_system_join_or_create_room(p_user_id uuid, p_template_id uuid, p_card_count integer, p_password text)",SECURITY DEFINER,yes,true,true,true,true,true,Railway service_role,game-engine; game-engine .rpc,none_found,NONE,service-role/cron assumed; no end-user authorization in body,DEFINER_PROBABLY_REQUIRED,high (DEFINER bypasses RLS by default),no,postgres + service_role,HIGH,REVIEW_FUNCTION_AUTHORIZATION,medium,direct grants: anon=false; auth=false; service=true; PUBLIC=true
game_core,fn_trg_sync_player_affiliation_from_users,game_core.fn_trg_sync_player_affiliation_from_users(),SECURITY DEFINER,yes,true,true,true,true,true,trigger,none_found,trigger:trigger,NOT_APPLICABLE,trigger context; EXECUTE by role rarely used,DEFINER_REQUIRED,medium (DEFINER; mitigated if strong internal auth),no,trigger/internal only,MEDIUM,REMOVE_PUBLIC_DEFAULT_GRANT_IN_FUTURE,medium,direct grants: anon=false; auth=false; service=true; PUBLIC=true
game_core,fn_try_promote_room_at_max_capacity,game_core.fn_try_promote_room_at_max_capacity(p_room uuid),SECURITY DEFINER,yes,true,true,true,true,true,another database function,none_found,none_found,UNKNOWN,body not fully reviewed this pass,UNKNOWN,medium (DEFINER; mitigated if strong internal auth),no,manual review required,HIGH,MANUAL_REVIEW_REQUIRED,low,direct grants: anon=false; auth=false; service=false; PUBLIC=true
game_core,fn_validate_affiliation_roles,game_core.fn_validate_affiliation_roles(),SECURITY DEFINER,no,true,true,true,true,true,trigger,none_found,trigger:trigger,NOT_APPLICABLE,trigger context; EXECUTE by role rarely used,DEFINER_REQUIRED,medium (DEFINER; mitigated if strong internal auth),no,trigger/internal only,MEDIUM,REMOVE_PUBLIC_DEFAULT_GRANT_IN_FUTURE,medium,direct grants: anon=false; auth=false; service=true; PUBLIC=true; DEFINER without explicit search_path
game_core,rpc_apply_marks_for_draw,"game_core.rpc_apply_marks_for_draw(p_room_id uuid, p_draw_number integer)",SECURITY INVOKER,no,true,true,true,true,true,Railway service_role; another database function,game-engine; game-engine .rpc,fn_process_draw_jobs_batch*,NONE,service-role/cron assumed; no end-user authorization in body,NOT_APPLICABLE,low (INVOKER),no,postgres + service_role,HIGH,REVIEW_FUNCTION_AUTHORIZATION,medium,direct grants: anon=true; auth=true; service=true; PUBLIC=true
game_core,rpc_get_active_rooms,"game_core.rpc_get_active_rooms(p_only_status room_status[], p_price_min numeric, p_price_max numeric)",SECURITY INVOKER,no,true,true,true,true,true,no active caller found,none_found,none_found,NOT_APPLICABLE,INVOKER SQL helper; relies on caller privileges/RLS,NOT_APPLICABLE,low (INVOKER),no,manual review required,MEDIUM,MANUAL_REVIEW_REQUIRED,low,direct grants: anon=true; auth=true; service=true; PUBLIC=true
game_core,rpc_get_lobby_price_summary,game_core.rpc_get_lobby_price_summary(p_only_status room_status[]),SECURITY INVOKER,no,true,true,true,true,true,no active caller found,none_found,none_found,NOT_APPLICABLE,INVOKER SQL helper; relies on caller privileges/RLS,NOT_APPLICABLE,low (INVOKER),no,manual review required,MEDIUM,MANUAL_REVIEW_REQUIRED,low,direct grants: anon=false; auth=false; service=true; PUBLIC=true
game_core,rpc_get_room_seed_hash,game_core.rpc_get_room_seed_hash(p_room_id uuid),SECURITY INVOKER,no,true,true,true,true,true,no active caller found,none_found,none_found,UNKNOWN,body not fully reviewed this pass,NOT_APPLICABLE,low (INVOKER),no,manual review required,MEDIUM,MANUAL_REVIEW_REQUIRED,low,direct grants: anon=false; auth=false; service=true; PUBLIC=true
game_core,rpc_pick_draw_jobs,"game_core.rpc_pick_draw_jobs(p_limit integer, p_worker_id integer, p_total_workers integer)",SECURITY INVOKER,no,true,true,true,true,true,Railway service_role; another database function,game-engine; game-engine .rpc,fn_process_draw_jobs_batch*,NONE,no auth.uid / role gate in mutation body; relies on ACL + caller trust,NOT_APPLICABLE,low (INVOKER),no,postgres + service_role,HIGH,REVIEW_FUNCTION_AUTHORIZATION,medium,direct grants: anon=false; auth=false; service=true; PUBLIC=true
game_core,rpc_pick_draw_jobs,game_core.rpc_pick_draw_jobs(p_limit integer),SECURITY INVOKER,no,true,true,true,true,true,Railway service_role; another database function,game-engine; game-engine .rpc,fn_process_draw_jobs_batch*,NONE,no auth.uid / role gate in mutation body; relies on ACL + caller trust,NOT_APPLICABLE,low (INVOKER),no,postgres + service_role,HIGH,REVIEW_FUNCTION_AUTHORIZATION,medium,direct grants: anon=true; auth=true; service=true; PUBLIC=true
game_core,rpc_reveal_room_seed,"game_core.rpc_reveal_room_seed(p_room_id uuid, OUT room_id uuid, OUT room_seed bytea, OUT room_seed_hash character, OUT status room_status)",SECURITY INVOKER,no,true,true,true,true,true,no active caller found,none_found,none_found,UNKNOWN,body not fully reviewed this pass,NOT_APPLICABLE,low (INVOKER),no,manual review required,MEDIUM,MANUAL_REVIEW_REQUIRED,low,direct grants: anon=false; auth=false; service=true; PUBLIC=true
game_core,set_rooms_updated_at,game_core.set_rooms_updated_at(),SECURITY INVOKER,no,true,true,true,true,true,trigger,none_found,trigger:trigger,NOT_APPLICABLE,trigger context; EXECUTE by role rarely used,NOT_APPLICABLE,low (INVOKER),no,trigger/internal only,MEDIUM,REMOVE_PUBLIC_DEFAULT_GRANT_IN_FUTURE,medium,direct grants: anon=true; auth=true; service=true; PUBLIC=true
game_core,signup_player_with_code,"game_core.signup_player_with_code(p_invitation_code text, p_username text, p_nickname text, p_country text, p_language text)",SECURITY DEFINER,no,true,true,true,true,true,anonymous web client; authenticated player,none_found,none_found,PARTIAL,auth.uid and/or status checks; incomplete privilege model or caller-supplied ids,DEFINER_PROBABLY_REQUIRED,medium (DEFINER; mitigated if strong internal auth),no,anon + authenticated,MEDIUM,KEEP_CURRENT_ACL,medium,direct grants: anon=false; auth=false; service=true; PUBLIC=true; DEFINER without explicit search_path
game_core,trg_after_draw_enqueue,game_core.trg_after_draw_enqueue(),SECURITY INVOKER,no,true,true,true,true,true,trigger,none_found,trigger:trigger,NOT_APPLICABLE,trigger context; EXECUTE by role rarely used,NOT_APPLICABLE,low (INVOKER),no,trigger/internal only,MEDIUM,REMOVE_PUBLIC_DEFAULT_GRANT_IN_FUTURE,medium,direct grants: anon=true; auth=true; service=true; PUBLIC=true
game_core,trg_rooms_stamp_waiting_started_at,game_core.trg_rooms_stamp_waiting_started_at(),SECURITY INVOKER,no,true,true,true,true,true,trigger,none_found,trigger:trigger,NOT_APPLICABLE,trigger context; EXECUTE by role rarely used,NOT_APPLICABLE,low (INVOKER),no,trigger/internal only,MEDIUM,REMOVE_PUBLIC_DEFAULT_GRANT_IN_FUTURE,medium,direct grants: anon=false; auth=false; service=false; PUBLIC=true
game_core,validate_invitation_code,game_core.validate_invitation_code(p_code text),SECURITY DEFINER,no,true,true,true,true,true,anonymous web client; authenticated player,none_found,none_found,UNKNOWN,body not fully reviewed this pass,UNKNOWN,medium (DEFINER; mitigated if strong internal auth),no,anon + authenticated,HIGH,REVIEW_SECURITY_DEFINER,low,direct grants: anon=false; auth=false; service=true; PUBLIC=true; DEFINER without explicit search_path
game_finance,fn_consume_room_tickets,game_finance.fn_consume_room_tickets(p_room uuid),SECURITY DEFINER,no,true,true,true,true,true,no active caller found,none_found,none_found,NONE,no auth.uid / role gate in mutation body; relies on ACL + caller trust,DEFINER_PROBABLY_REQUIRED,high (DEFINER bypasses RLS by default),yes,postgres + service_role,CRITICAL,REVIEW_FUNCTION_AUTHORIZATION,medium,direct grants: anon=false; auth=false; service=true; PUBLIC=true; DEFINER without explicit search_path
game_finance,fn_distribute_ticket_commission,"game_finance.fn_distribute_ticket_commission(p_ticket uuid, p_admin_user uuid)",SECURITY DEFINER,no,true,true,true,true,true,Railway service_role,game-engine; game-engine .rpc,none_found,NONE,no auth.uid / role gate in mutation body; relies on ACL + caller trust,DEFINER_PROBABLY_REQUIRED,high (DEFINER bypasses RLS by default),yes,postgres + service_role,CRITICAL,REVIEW_FUNCTION_AUTHORIZATION,medium,direct grants: anon=false; auth=false; service=true; PUBLIC=true; DEFINER without explicit search_path
game_finance,fn_finish_room_and_settle,"game_finance.fn_finish_room_and_settle(p_room uuid, p_admin_user uuid)",SECURITY DEFINER,no,true,true,true,true,true,Railway service_role; another database function,game-engine; game-engine .rpc,evaluate; janitor; soft payouts; finance wrappers,NONE,no auth.uid / role gate in mutation body; relies on ACL + caller trust,DEFINER_PROBABLY_REQUIRED,high (DEFINER bypasses RLS by default),yes,postgres + service_role,CRITICAL,REVIEW_FUNCTION_AUTHORIZATION,medium,direct grants: anon=false; auth=false; service=true; PUBLIC=true; DEFINER without explicit search_path
game_finance,fn_lock_commission_snapshot,game_finance.fn_lock_commission_snapshot(),SECURITY INVOKER,no,true,true,true,true,true,trigger,none_found,trigger:trigger,NOT_APPLICABLE,trigger context; EXECUTE by role rarely used,NOT_APPLICABLE,low (INVOKER),yes,trigger/internal only,HIGH,REMOVE_PUBLIC_DEFAULT_GRANT_IN_FUTURE,medium,direct grants: anon=false; auth=false; service=true; PUBLIC=true
game_finance,fn_payout_room_prize,game_finance.fn_payout_room_prize(p_room uuid),SECURITY DEFINER,no,true,true,true,true,true,no active caller found,none_found,none_found,NONE,no auth.uid / role gate in mutation body; relies on ACL + caller trust,DEFINER_PROBABLY_REQUIRED,high (DEFINER bypasses RLS by default),yes,postgres + service_role,CRITICAL,REVIEW_FUNCTION_AUTHORIZATION,medium,direct grants: anon=false; auth=false; service=true; PUBLIC=true; DEFINER without explicit search_path
game_finance,fn_payout_winners,game_finance.fn_payout_winners(p_room uuid),SECURITY DEFINER,no,true,true,true,true,true,no active caller found,none_found,none_found,NONE,no auth.uid / role gate in mutation body; relies on ACL + caller trust,DEFINER_PROBABLY_REQUIRED,high (DEFINER bypasses RLS by default),yes,postgres + service_role,CRITICAL,REVIEW_FUNCTION_AUTHORIZATION,medium,direct grants: anon=false; auth=false; service=true; PUBLIC=true; DEFINER without explicit search_path
game_finance,fn_record_ticket_commission,game_finance.fn_record_ticket_commission(p_ticket uuid),SECURITY DEFINER,no,true,true,true,true,true,Railway service_role,game-engine; game-engine .rpc,none_found,NONE,no auth.uid / role gate in mutation body; relies on ACL + caller trust,DEFINER_PROBABLY_REQUIRED,high (DEFINER bypasses RLS by default),yes,postgres + service_role,CRITICAL,REVIEW_FUNCTION_AUTHORIZATION,medium,direct grants: anon=false; auth=false; service=true; PUBLIC=true; DEFINER without explicit search_path
game_finance,fn_wallet_add,"game_finance.fn_wallet_add(p_user uuid, p_amount numeric, p_currency text, p_desc text, p_type transaction_type, p_room uuid)",SECURITY DEFINER,no,true,true,true,true,true,no active caller found,none_found,none_found,NONE,no auth.uid / role gate in mutation body; relies on ACL + caller trust,DEFINER_PROBABLY_REQUIRED,high (DEFINER bypasses RLS by default),yes,postgres + service_role,CRITICAL,REVIEW_FUNCTION_AUTHORIZATION,medium,direct grants: anon=true; auth=true; service=true; PUBLIC=true; DEFINER without explicit search_path
game_finance,fn_wallet_apply_delta,"game_finance.fn_wallet_apply_delta(p_user_id uuid, p_currency text, p_amount_delta numeric, p_transaction_type transaction_type, p_source_kind text, p_source_ref text, p_description text, p_meta jsonb, p_allow_negative boolean)",SECURITY DEFINER,no,true,true,true,true,true,Railway service_role; authenticated admin,game-engine;app/lib/services; game-engine .rpc; app/api|services|lib .rpc,none_found,NONE,no auth.uid / role gate in mutation body; relies on ACL + caller trust,DEFINER_PROBABLY_REQUIRED,high (DEFINER bypasses RLS by default),yes,postgres + service_role,CRITICAL,REVIEW_FUNCTION_AUTHORIZATION,medium,direct grants: anon=false; auth=true; service=true; PUBLIC=true; DEFINER without explicit search_path
game_finance,fn_wallet_capture,"game_finance.fn_wallet_capture(p_user uuid, p_amount numeric, p_currency text, p_room uuid)",SECURITY DEFINER,no,true,true,true,true,true,no active caller found,none_found,none_found,NONE,no auth.uid / role gate in mutation body; relies on ACL + caller trust,DEFINER_PROBABLY_REQUIRED,high (DEFINER bypasses RLS by default),yes,postgres + service_role,CRITICAL,REVIEW_FUNCTION_AUTHORIZATION,medium,direct grants: anon=false; auth=false; service=true; PUBLIC=true; DEFINER without explicit search_path
game_finance,fn_wallet_capture_and_distribute,game_finance.fn_wallet_capture_and_distribute(p_room uuid),SECURITY DEFINER,no,true,true,true,true,true,no active caller found,none_found,none_found,NONE,no auth.uid / role gate in mutation body; relies on ACL + caller trust,DEFINER_PROBABLY_REQUIRED,high (DEFINER bypasses RLS by default),yes,postgres + service_role,CRITICAL,REVIEW_FUNCTION_AUTHORIZATION,medium,direct grants: anon=false; auth=false; service=true; PUBLIC=true; DEFINER without explicit search_path
game_finance,fn_wallet_capture_join,"game_finance.fn_wallet_capture_join(p_user uuid, p_amount numeric, p_currency text, p_room uuid, p_ticket uuid)",SECURITY DEFINER,no,true,true,true,true,true,no active caller found,none_found,none_found,NONE,no auth.uid / role gate in mutation body; relies on ACL + caller trust,DEFINER_PROBABLY_REQUIRED,high (DEFINER bypasses RLS by default),yes,postgres + service_role,CRITICAL,REVIEW_FUNCTION_AUTHORIZATION,medium,direct grants: anon=false; auth=false; service=true; PUBLIC=true; DEFINER without explicit search_path
game_finance,fn_wallet_deposit,"game_finance.fn_wallet_deposit(p_user uuid, p_amount numeric, p_currency text, p_desc text)",SECURITY DEFINER,no,true,true,true,true,true,no active caller found,none_found,none_found,NONE,no auth.uid / role gate in mutation body; relies on ACL + caller trust,DEFINER_PROBABLY_REQUIRED,high (DEFINER bypasses RLS by default),yes,postgres + service_role,CRITICAL,REVIEW_FUNCTION_AUTHORIZATION,medium,direct grants: anon=false; auth=false; service=true; PUBLIC=true; DEFINER without explicit search_path
game_finance,fn_wallet_hold_join,"game_finance.fn_wallet_hold_join(p_user uuid, p_amount numeric, p_currency text, p_room uuid, p_ticket uuid)",SECURITY DEFINER,no,true,true,true,true,true,no active caller found,none_found,none_found,NONE,no auth.uid / role gate in mutation body; relies on ACL + caller trust,DEFINER_PROBABLY_REQUIRED,high (DEFINER bypasses RLS by default),yes,postgres + service_role,CRITICAL,REVIEW_FUNCTION_AUTHORIZATION,medium,direct grants: anon=false; auth=false; service=true; PUBLIC=true; DEFINER without explicit search_path
game_finance,fn_wallet_hold_join,"game_finance.fn_wallet_hold_join(p_user uuid, p_amount numeric, p_currency text, p_room uuid)",SECURITY DEFINER,no,true,true,true,true,true,no active caller found,none_found,none_found,NONE,no auth.uid / role gate in mutation body; relies on ACL + caller trust,DEFINER_PROBABLY_REQUIRED,high (DEFINER bypasses RLS by default),yes,postgres + service_role,CRITICAL,REVIEW_FUNCTION_AUTHORIZATION,medium,direct grants: anon=false; auth=false; service=true; PUBLIC=true; DEFINER without explicit search_path
game_finance,fn_wallet_release,"game_finance.fn_wallet_release(p_user uuid, p_amount numeric, p_currency text, p_room uuid)",SECURITY DEFINER,no,true,true,true,true,true,no active caller found,none_found,none_found,NONE,no auth.uid / role gate in mutation body; relies on ACL + caller trust,DEFINER_PROBABLY_REQUIRED,high (DEFINER bypasses RLS by default),yes,postgres + service_role,CRITICAL,REVIEW_FUNCTION_AUTHORIZATION,medium,direct grants: anon=false; auth=false; service=true; PUBLIC=true; DEFINER without explicit search_path
game_finance,fn_wallet_release_join,game_finance.fn_wallet_release_join(p_ticket uuid),SECURITY DEFINER,no,true,true,true,true,true,no active caller found,none_found,none_found,NONE,no auth.uid / role gate in mutation body; relies on ACL + caller trust,DEFINER_PROBABLY_REQUIRED,high (DEFINER bypasses RLS by default),yes,postgres + service_role,CRITICAL,REVIEW_FUNCTION_AUTHORIZATION,medium,direct grants: anon=false; auth=false; service=true; PUBLIC=true; DEFINER without explicit search_path
game_finance,fn_wallet_release_join,"game_finance.fn_wallet_release_join(p_user uuid, p_amount numeric, p_currency text, p_room uuid, p_ticket uuid)",SECURITY DEFINER,no,true,true,true,true,true,no active caller found,none_found,none_found,NONE,no auth.uid / role gate in mutation body; relies on ACL + caller trust,DEFINER_PROBABLY_REQUIRED,high (DEFINER bypasses RLS by default),yes,postgres + service_role,CRITICAL,REVIEW_FUNCTION_AUTHORIZATION,medium,direct grants: anon=false; auth=false; service=true; PUBLIC=true; DEFINER without explicit search_path
game_finance,fn_wallet_release_join,"game_finance.fn_wallet_release_join(p_user uuid, p_amount numeric, p_currency text, p_room uuid)",SECURITY DEFINER,no,true,true,true,true,true,no active caller found,none_found,none_found,NONE,no auth.uid / role gate in mutation body; relies on ACL + caller trust,DEFINER_PROBABLY_REQUIRED,high (DEFINER bypasses RLS by default),yes,postgres + service_role,CRITICAL,REVIEW_FUNCTION_AUTHORIZATION,medium,direct grants: anon=false; auth=false; service=true; PUBLIC=true; DEFINER without explicit search_path
game_finance,fn_wallet_subtract,"game_finance.fn_wallet_subtract(p_user uuid, p_amount numeric, p_currency text, p_desc text, p_type transaction_type, p_room uuid)",SECURITY DEFINER,no,true,true,true,true,true,no active caller found,none_found,none_found,NONE,no auth.uid / role gate in mutation body; relies on ACL + caller trust,DEFINER_PROBABLY_REQUIRED,high (DEFINER bypasses RLS by default),yes,postgres + service_role,CRITICAL,REVIEW_FUNCTION_AUTHORIZATION,medium,direct grants: anon=false; auth=false; service=true; PUBLIC=true; DEFINER without explicit search_path
game_finance,fn_wallet_summary,"game_finance.fn_wallet_summary(p_user uuid, p_currency text, p_since timestamp with time zone, p_room uuid)",SECURITY DEFINER,no,true,true,true,true,true,no active caller found,none_found,none_found,PARTIAL,role-related keywords present,DEFINER_PROBABLY_REQUIRED,high (DEFINER bypasses RLS by default),yes,postgres + service_role,HIGH,REVIEW_SECURITY_DEFINER,medium,direct grants: anon=false; auth=false; service=true; PUBLIC=true; DEFINER without explicit search_path
game_finance,fn_wallet_withdraw,"game_finance.fn_wallet_withdraw(p_user uuid, p_amount numeric, p_currency text, p_desc text)",SECURITY DEFINER,no,true,true,true,true,true,no active caller found,none_found,none_found,NONE,no auth.uid / role gate in mutation body; relies on ACL + caller trust,DEFINER_PROBABLY_REQUIRED,high (DEFINER bypasses RLS by default),yes,postgres + service_role,CRITICAL,REVIEW_FUNCTION_AUTHORIZATION,medium,direct grants: anon=false; auth=false; service=true; PUBLIC=true; DEFINER without explicit search_path
game_finance,set_wallets_updated_at,game_finance.set_wallets_updated_at(),SECURITY INVOKER,no,true,true,true,true,true,trigger,none_found,trigger:trigger,NOT_APPLICABLE,trigger context; EXECUTE by role rarely used,NOT_APPLICABLE,low (INVOKER),yes,trigger/internal only,HIGH,REMOVE_PUBLIC_DEFAULT_GRANT_IN_FUTURE,medium,direct grants: anon=true; auth=true; service=true; PUBLIC=true
game_finance,trg_rooms_after_live,game_finance.trg_rooms_after_live(),SECURITY DEFINER,no,true,true,true,true,true,trigger,none_found,trigger:trigger,NOT_APPLICABLE,trigger context; EXECUTE by role rarely used,DEFINER_REQUIRED,high (DEFINER bypasses RLS by default),yes,trigger/internal only,HIGH,REMOVE_PUBLIC_DEFAULT_GRANT_IN_FUTURE,medium,direct grants: anon=false; auth=false; service=true; PUBLIC=true; DEFINER without explicit search_path
game_finance,trg_tickets_after_paid,game_finance.trg_tickets_after_paid(),SECURITY DEFINER,no,true,true,true,true,true,trigger,none_found,trigger:trigger,NOT_APPLICABLE,trigger context; EXECUTE by role rarely used,DEFINER_REQUIRED,high (DEFINER bypasses RLS by default),yes,trigger/internal only,HIGH,REMOVE_PUBLIC_DEFAULT_GRANT_IN_FUTURE,medium,direct grants: anon=false; auth=false; service=true; PUBLIC=true; DEFINER without explicit search_path
game_pool,activate_card_pool,game_pool.activate_card_pool(p_id uuid),SECURITY INVOKER,no,true,true,true,true,true,another database function; cron/postgres,none_found,none_found,UNKNOWN,body not fully reviewed this pass,NOT_APPLICABLE,low (INVOKER),no,manual review required,MEDIUM,MANUAL_REVIEW_REQUIRED,low,direct grants: anon=true; auth=true; service=true; PUBLIC=true
game_pool,fn_retain_last_n_pools,game_pool.fn_retain_last_n_pools(p_keep integer),SECURITY INVOKER,no,true,true,true,true,true,another database function; cron/postgres,none_found,none_found,UNKNOWN,body not fully reviewed this pass,NOT_APPLICABLE,low (INVOKER),no,manual review required,MEDIUM,MANUAL_REVIEW_REQUIRED,low,direct grants: anon=true; auth=true; service=true; PUBLIC=true
game_pool,fn_sync_card_numbers,game_pool.fn_sync_card_numbers(),SECURITY INVOKER,no,true,true,true,true,true,trigger,none_found,trigger:trigger,NOT_APPLICABLE,trigger context; EXECUTE by role rarely used,NOT_APPLICABLE,low (INVOKER),no,trigger/internal only,MEDIUM,REMOVE_PUBLIC_DEFAULT_GRANT_IN_FUTURE,medium,direct grants: anon=true; auth=true; service=true; PUBLIC=true
game_pool,generate_card_pool_housie,game_pool.generate_card_pool_housie(p_created_by uuid),SECURITY INVOKER,no,true,true,true,true,true,another database function,none_found,none_found,UNKNOWN,body not fully reviewed this pass,NOT_APPLICABLE,low (INVOKER),no,manual review required,MEDIUM,MANUAL_REVIEW_REQUIRED,low,direct grants: anon=true; auth=true; service=true; PUBLIC=true
load_test,_pool_cards_for_room,"load_test._pool_cards_for_room(p_pool_id uuid, p_room_id uuid, p_room_seed bytea, p_room_type room_type, p_limit integer)",SECURITY INVOKER,no,true,true,true,true,true,another database function,none_found,none_found,NOT_APPLICABLE,INVOKER SQL helper; relies on caller privileges/RLS,NOT_APPLICABLE,low (INVOKER),no,manual review required,MEDIUM,MANUAL_REVIEW_REQUIRED,low,P1.8 candidate-unused (not removable); direct grants: anon=false; auth=false; service=false; PUBLIC=true
monitor,fn_rooms_settling_lag,monitor.fn_rooms_settling_lag(),SECURITY INVOKER,no,true,true,true,true,true,no active caller found,none_found,none_found,NOT_APPLICABLE,INVOKER SQL helper; relies on caller privileges/RLS,NOT_APPLICABLE,low (INVOKER),no,manual review required,MEDIUM,MANUAL_REVIEW_REQUIRED,low,P1.8 candidate-unused (not removable); direct grants: anon=false; auth=false; service=false; PUBLIC=true
public,can_read_user,public.can_read_user(target_user_id uuid),SECURITY DEFINER,yes,true,true,true,true,true,no active caller found,none_found,none_found,STRONG,auth.uid + role/ownership checks observed in body,DEFINER_PROBABLY_REQUIRED,high (explicit row_security off / role tricks),no,manual review required,MEDIUM,MANUAL_REVIEW_REQUIRED,low,direct grants: anon=true; auth=true; service=true; PUBLIC=true
public,can_read_user_in_tournament,public.can_read_user_in_tournament(target_user_id uuid),SECURITY DEFINER,yes,true,true,true,true,true,no active caller found,none_found,none_found,STRONG,auth.uid + role/ownership checks observed in body,DEFINER_PROBABLY_REQUIRED,high (explicit row_security off / role tricks),no,manual review required,MEDIUM,MANUAL_REVIEW_REQUIRED,low,direct grants: anon=true; auth=true; service=true; PUBLIC=true
public,debug_runtime_context,public.debug_runtime_context(p_room_id uuid),SECURITY DEFINER,yes,false,true,true,true,true,no active caller found,none_found,none_found,UNKNOWN,body not fully reviewed this pass,UNKNOWN,medium (DEFINER; mitigated if strong internal auth),privileged,manual review required,HIGH,MANUAL_REVIEW_REQUIRED,low,P1.8 candidate-unused (not removable); direct grants: anon=true; auth=true; service=true; PUBLIC=false
public,debug_ticket_counts,public.debug_ticket_counts(p_room_id uuid),SECURITY DEFINER,yes,false,true,true,true,true,no active caller found,none_found,none_found,UNKNOWN,body not fully reviewed this pass,UNKNOWN,medium (DEFINER; mitigated if strong internal auth),privileged,manual review required,HIGH,MANUAL_REVIEW_REQUIRED,low,P1.8 candidate-unused (not removable); direct grants: anon=true; auth=true; service=true; PUBLIC=false
public,distribute_ding_on_draw,public.distribute_ding_on_draw(),SECURITY INVOKER,no,true,true,true,true,true,no active caller found,none_found,none_found,UNKNOWN,body not fully reviewed this pass,NOT_APPLICABLE,low (INVOKER),yes,postgres + service_role,HIGH,REDUCE_ACL_IN_P1_9B,low,P1.8 candidate-unused (not removable); direct grants: anon=true; auth=true; service=true; PUBLIC=true
public,fn_adjust_referral_wallet,"public.fn_adjust_referral_wallet(p_target_user uuid, p_amount numeric, p_currency text, p_type transaction_type, p_description text)",SECURITY DEFINER,no,true,true,true,true,true,no active caller found,none_found,none_found,STRONG,auth.uid referenced; role/admin keywords; raise/guard patterns,DEFINER_PROBABLY_REQUIRED,high (DEFINER bypasses RLS by default),yes,postgres + service_role,HIGH,REVIEW_SECURITY_DEFINER,medium,direct grants: anon=true; auth=true; service=true; PUBLIC=true; DEFINER without explicit search_path
public,fn_adjust_wallet_manual,"public.fn_adjust_wallet_manual(p_target_user uuid, p_amount numeric, p_currency text, p_type transaction_type, p_description text)",SECURITY DEFINER,no,true,true,true,true,true,no active caller found,none_found,none_found,STRONG,auth.uid + role/ownership checks observed in body,DEFINER_PROBABLY_REQUIRED,high (DEFINER bypasses RLS by default),yes,authenticated with mandatory internal role check,HIGH,REVIEW_SECURITY_DEFINER,medium,P1.8 candidate-unused (not removable); direct grants: anon=true; auth=true; service=true; PUBLIC=true; DEFINER without explicit search_path
public,fn_admin_create_tournament,public.fn_admin_create_tournament(p_payload jsonb),SECURITY DEFINER,yes,true,true,true,true,true,authenticated admin,app/lib/services; app/api|services|lib .rpc,none_found,PARTIAL,wrapper; strong checks in tournament.* callee,DEFINER_PROBABLY_REQUIRED,medium (DEFINER; mitigated if strong internal auth),privileged,authenticated with mandatory internal role check,MEDIUM,REDUCE_ACL_IN_P1_9B,medium,direct grants: anon=true; auth=true; service=true; PUBLIC=true
public,fn_admin_delete_tournament,public.fn_admin_delete_tournament(p_tournament_id uuid),SECURITY DEFINER,yes,true,true,true,true,true,authenticated admin,app/lib/services; app/api|services|lib .rpc,none_found,PARTIAL,wrapper; strong checks in tournament.* callee,DEFINER_PROBABLY_REQUIRED,medium (DEFINER; mitigated if strong internal auth),privileged,authenticated with mandatory internal role check,MEDIUM,REDUCE_ACL_IN_P1_9B,medium,direct grants: anon=true; auth=true; service=true; PUBLIC=true
public,fn_admin_games_report,"public.fn_admin_games_report(p_from timestamp with time zone, p_to timestamp with time zone, p_limit integer, p_offset integer)",SECURITY DEFINER,yes,true,true,true,true,true,authenticated admin,app/lib/services; app/api|services|lib .rpc,none_found,UNKNOWN,body not fully reviewed this pass,DEFINER_PROBABLY_REQUIRED,medium (DEFINER; mitigated if strong internal auth),privileged,authenticated with mandatory internal role check,HIGH,REDUCE_ACL_IN_P1_9B,low,direct grants: anon=true; auth=true; service=true; PUBLIC=true
public,fn_admin_set_tournament_status,"public.fn_admin_set_tournament_status(p_tournament_id uuid, p_status tournament_status)",SECURITY DEFINER,no,true,true,true,true,true,authenticated admin,app/lib/services; app/api|services|lib .rpc,none_found,PARTIAL,wrapper; strong checks in tournament.* callee,DEFINER_PROBABLY_REQUIRED,medium (DEFINER; mitigated if strong internal auth),privileged,authenticated with mandatory internal role check,MEDIUM,REDUCE_ACL_IN_P1_9B,medium,direct grants: anon=true; auth=true; service=true; PUBLIC=true; DEFINER without explicit search_path
public,fn_admin_update_tournament,"public.fn_admin_update_tournament(p_tournament_id uuid, p_patch jsonb)",SECURITY DEFINER,yes,true,true,true,true,true,authenticated admin,app/lib/services; app/api|services|lib .rpc,none_found,PARTIAL,wrapper; strong checks in tournament.* callee,DEFINER_PROBABLY_REQUIRED,medium (DEFINER; mitigated if strong internal auth),privileged,authenticated with mandatory internal role check,MEDIUM,REDUCE_ACL_IN_P1_9B,medium,direct grants: anon=true; auth=true; service=true; PUBLIC=true
public,fn_aggregate_ding_for_processed_draw,public.fn_aggregate_ding_for_processed_draw(),SECURITY INVOKER,no,true,true,true,true,true,trigger,none_found,trigger:trigger,NOT_APPLICABLE,trigger context; EXECUTE by role rarely used,NOT_APPLICABLE,low (INVOKER),yes,trigger/internal only,HIGH,REMOVE_PUBLIC_DEFAULT_GRANT_IN_FUTURE,medium,direct grants: anon=true; auth=true; service=true; PUBLIC=true
public,fn_backfill_card_bitmask_definitions,public.fn_backfill_card_bitmask_definitions(),SECURITY INVOKER,no,true,true,true,true,true,no active caller found,none_found,none_found,UNKNOWN,body not fully reviewed this pass,NOT_APPLICABLE,low (INVOKER),no,manual review required,MEDIUM,MANUAL_REVIEW_REQUIRED,low,P1.8 candidate-unused (not removable); direct grants: anon=true; auth=true; service=true; PUBLIC=true
public,fn_cancel_waiting_room,"public.fn_cancel_waiting_room(p_room uuid, p_by_admin boolean, p_user uuid)",SECURITY DEFINER,no,true,true,true,true,true,authenticated player,app/lib/services; app/api|services|lib .rpc,none_found,PARTIAL,auth.uid and/or status checks; incomplete privilege model or caller-supplied ids,UNKNOWN,medium (DEFINER; mitigated if strong internal auth),no,authenticated with mandatory internal role check,MEDIUM,REDUCE_ACL_IN_P1_9B,medium,direct grants: anon=true; auth=true; service=true; PUBLIC=true; DEFINER without explicit search_path
public,fn_cancel_waiting_room,"public.fn_cancel_waiting_room(p_room uuid, p_by_admin boolean)",SECURITY DEFINER,no,true,true,true,true,true,authenticated player,app/lib/services; app/api|services|lib .rpc,none_found,PARTIAL,auth.uid and/or status checks; incomplete privilege model or caller-supplied ids,UNKNOWN,medium (DEFINER; mitigated if strong internal auth),no,authenticated with mandatory internal role check,MEDIUM,REDUCE_ACL_IN_P1_9B,medium,direct grants: anon=true; auth=true; service=true; PUBLIC=true; DEFINER without explicit search_path
public,fn_cleanup_retention,public.fn_cleanup_retention(),SECURITY INVOKER,no,true,true,true,true,true,cron/postgres,none_found,cron:cron.cleanup_retention,NONE,service-role/cron assumed; no end-user authorization in body,NOT_APPLICABLE,low (INVOKER),no,postgres only,MEDIUM,REDUCE_ACL_IN_P1_9B,medium,direct grants: anon=true; auth=true; service=true; PUBLIC=true
public,fn_dashboard_admin_commission_summary,public.fn_dashboard_admin_commission_summary(),SECURITY DEFINER,yes,false,true,true,true,true,authenticated admin,app/lib/services; app/api|services|lib .rpc,none_found,STRONG,auth.uid + role/ownership checks observed in body,DEFINER_PROBABLY_REQUIRED,high (DEFINER bypasses RLS by default),yes,authenticated with mandatory internal role check,HIGH,REMOVE_PUBLIC_DEFAULT_GRANT_IN_FUTURE,medium,direct grants: anon=true; auth=true; service=true; PUBLIC=false
public,fn_dashboard_admin_commission_summary_range,"public.fn_dashboard_admin_commission_summary_range(p_from timestamp with time zone, p_to timestamp with time zone)",SECURITY DEFINER,yes,false,true,true,true,true,authenticated admin,app/lib/services; app/api|services|lib .rpc,none_found,STRONG,auth.uid + role/ownership checks observed in body,DEFINER_PROBABLY_REQUIRED,high (DEFINER bypasses RLS by default),yes,authenticated with mandatory internal role check,HIGH,REMOVE_PUBLIC_DEFAULT_GRANT_IN_FUTURE,medium,direct grants: anon=true; auth=true; service=true; PUBLIC=false
public,fn_dashboard_admin_tournament_guarantee_summary,public.fn_dashboard_admin_tournament_guarantee_summary(),SECURITY DEFINER,yes,false,true,true,true,true,authenticated admin,app/lib/services; app/api|services|lib .rpc,none_found,STRONG,auth.uid + role/ownership checks observed in body,DEFINER_PROBABLY_REQUIRED,medium (DEFINER; mitigated if strong internal auth),privileged,authenticated with mandatory internal role check,MEDIUM,REMOVE_PUBLIC_DEFAULT_GRANT_IN_FUTURE,medium,direct grants: anon=true; auth=true; service=true; PUBLIC=false
public,fn_dashboard_admin_tournament_guarantee_summary_range,"public.fn_dashboard_admin_tournament_guarantee_summary_range(p_from timestamp with time zone, p_to timestamp with time zone)",SECURITY DEFINER,yes,false,true,true,true,true,no active caller found,none_found,none_found,PARTIAL,auth.uid referenced; raise/guard patterns,DEFINER_PROBABLY_REQUIRED,medium (DEFINER; mitigated if strong internal auth),privileged,authenticated with mandatory internal role check,MEDIUM,REMOVE_PUBLIC_DEFAULT_GRANT_IN_FUTURE,medium,P1.8 candidate-unused (not removable); direct grants: anon=true; auth=true; service=true; PUBLIC=false
public,fn_dev_panel_dev_player_finance_summary,"public.fn_dev_panel_dev_player_finance_summary(p_period text, p_timezone text)",SECURITY DEFINER,yes,false,true,true,true,true,authenticated admin,app/lib/services; app/api|services|lib .rpc,none_found,NONE,no auth.uid / role gate in mutation body; relies on ACL + caller trust,DEFINER_NOT_JUSTIFIED,high (DEFINER + weak auth),privileged,authenticated with mandatory internal role check,CRITICAL,REVIEW_FUNCTION_AUTHORIZATION,medium,direct grants: anon=true; auth=true; service=true; PUBLIC=false
public,fn_ding_aggregate_dryrun_on_draw_processed,public.fn_ding_aggregate_dryrun_on_draw_processed(),SECURITY INVOKER,no,true,true,true,true,true,trigger,none_found,trigger:trigger,NOT_APPLICABLE,trigger context; EXECUTE by role rarely used,NOT_APPLICABLE,low (INVOKER),yes,trigger/internal only,HIGH,REMOVE_PUBLIC_DEFAULT_GRANT_IN_FUTURE,medium,direct grants: anon=true; auth=true; service=true; PUBLIC=true
public,fn_draw_schedule_jitter_ms,public.fn_draw_schedule_jitter_ms(p_room_id uuid),SECURITY DEFINER,yes,true,true,true,true,true,another database function,none_found,none_found,UNKNOWN,body not fully reviewed this pass,UNKNOWN,medium (DEFINER; mitigated if strong internal auth),no,manual review required,HIGH,MANUAL_REVIEW_REQUIRED,low,direct grants: anon=true; auth=true; service=true; PUBLIC=true
public,fn_evaluate_room_after_draw,"public.fn_evaluate_room_after_draw(p_room_id uuid, p_draw_number integer)",SECURITY DEFINER,yes,true,true,true,true,true,Railway service_role; another database function,game-engine; game-engine .rpc,janitor_repair; rpc_apply_marks; batch workers,NONE,service-role/cron assumed; no end-user authorization in body,DEFINER_PROBABLY_REQUIRED,high (DEFINER bypasses RLS by default),no,postgres + service_role,HIGH,REVIEW_FUNCTION_AUTHORIZATION,medium,direct grants: anon=true; auth=true; service=true; PUBLIC=true
public,fn_finish_room_and_settle,"public.fn_finish_room_and_settle(p_room uuid, p_admin_user uuid)",SECURITY DEFINER,yes,true,true,true,true,true,Railway service_role; another database function,game-engine; game-engine .rpc,evaluate; janitor; soft payouts; finance wrappers,NONE,no auth.uid / role gate in mutation body; relies on ACL + caller trust,DEFINER_PROBABLY_REQUIRED,high (DEFINER bypasses RLS by default),yes,postgres + service_role,CRITICAL,REVIEW_FUNCTION_AUTHORIZATION,medium,direct grants: anon=true; auth=true; service=true; PUBLIC=true
public,fn_generate_card_pool,"public.fn_generate_card_pool(p_card_count integer, p_created_by uuid, p_prng_version text)",SECURITY DEFINER,no,true,true,true,true,true,authenticated player,app/lib/services; app/api|services|lib .rpc,none_found,UNKNOWN,body not fully reviewed this pass,UNKNOWN,medium (DEFINER; mitigated if strong internal auth),no,authenticated with mandatory internal role check,HIGH,REVIEW_SECURITY_DEFINER,low,direct grants: anon=true; auth=true; service=true; PUBLIC=true; DEFINER without explicit search_path
public,fn_generate_room_code,public.fn_generate_room_code(),SECURITY INVOKER,no,true,true,true,true,true,no active caller found,none_found,none_found,NOT_APPLICABLE,INVOKER SQL helper; relies on caller privileges/RLS,NOT_APPLICABLE,low (INVOKER),no,manual review required,MEDIUM,MANUAL_REVIEW_REQUIRED,low,direct grants: anon=true; auth=true; service=true; PUBLIC=true
public,fn_heartbeat_log,public.fn_heartbeat_log(),SECURITY INVOKER,no,true,true,true,true,true,no active caller found,none_found,none_found,UNKNOWN,body not fully reviewed this pass,NOT_APPLICABLE,low (INVOKER),no,manual review required,MEDIUM,MANUAL_REVIEW_REQUIRED,low,P1.8 candidate-unused (not removable); direct grants: anon=true; auth=true; service=true; PUBLIC=true
public,fn_heartbeat_tick,public.fn_heartbeat_tick(),SECURITY INVOKER,no,false,false,false,true,true,migration/rollback only; Railway service_role,game-engine; game-engine .rpc,none_found,NOT_APPLICABLE,quarantined; service_role/postgres only ACL,NOT_APPLICABLE,low (INVOKER),no,postgres + service_role,LOW,KEEP_CURRENT_ACL,high,P1.7 quarantined; KEEP_CURRENT_ACL; direct grants: anon=false; auth=false; service=true; PUBLIC=false
public,fn_janitor_repair_unsettled_finished,public.fn_janitor_repair_unsettled_finished(p_limit integer),SECURITY DEFINER,yes,true,true,true,true,true,Railway service_role,game-engine; game-engine .rpc,none_found,NONE,service-role/cron assumed; no end-user authorization in body,DEFINER_PROBABLY_REQUIRED,high (DEFINER bypasses RLS by default),yes,postgres + service_role,CRITICAL,REVIEW_FUNCTION_AUTHORIZATION,medium,direct grants: anon=true; auth=true; service=true; PUBLIC=true
public,fn_join_or_create_room,"public.fn_join_or_create_room(p_template_id uuid, p_card_count integer, p_password text)",SECURITY DEFINER,no,true,true,true,true,true,authenticated player,app/lib/services; app/api|services|lib .rpc,none_found,PARTIAL,auth.uid and/or status checks; incomplete privilege model or caller-supplied ids,DEFINER_PROBABLY_REQUIRED,medium (DEFINER; mitigated if strong internal auth),no,authenticated with mandatory internal role check,MEDIUM,REDUCE_ACL_IN_P1_9B,medium,direct grants: anon=true; auth=true; service=true; PUBLIC=true; DEFINER without explicit search_path
public,fn_join_or_create_room_base,"public.fn_join_or_create_room_base(p_template_id uuid, p_card_count integer, p_password text)",SECURITY DEFINER,no,true,true,true,true,true,another database function,none_found,none_found,UNKNOWN,body not fully reviewed this pass,DEFINER_PROBABLY_REQUIRED,medium (DEFINER; mitigated if strong internal auth),no,authenticated with mandatory internal role check,HIGH,REVIEW_SECURITY_DEFINER,low,direct grants: anon=true; auth=true; service=true; PUBLIC=true; DEFINER without explicit search_path
public,fn_leaderboard_weekly,"public.fn_leaderboard_weekly(p_from timestamp with time zone, p_to timestamp with time zone)",SECURITY DEFINER,yes,true,true,true,true,true,no active caller found,none_found,none_found,UNKNOWN,body not fully reviewed this pass,UNKNOWN,medium (DEFINER; mitigated if strong internal auth),no,manual review required,HIGH,MANUAL_REVIEW_REQUIRED,low,direct grants: anon=true; auth=true; service=true; PUBLIC=true
public,fn_maintain_heartbeat_log_partitions,"public.fn_maintain_heartbeat_log_partitions(p_keep_days integer, p_future_days integer)",SECURITY INVOKER,no,true,true,true,true,true,cron/postgres,none_found,cron:cron.heartbeat_log_partitions,NONE,service-role/cron assumed; no end-user authorization in body,NOT_APPLICABLE,low (INVOKER),no,postgres only,MEDIUM,REDUCE_ACL_IN_P1_9B,medium,direct grants: anon=true; auth=true; service=true; PUBLIC=true
public,fn_my_active_rooms,public.fn_my_active_rooms(p_user_id uuid),SECURITY DEFINER,yes,true,true,true,true,true,authenticated player,app/lib/services; app/api|services|lib .rpc,none_found,PARTIAL,auth.uid and/or status checks; incomplete privilege model or caller-supplied ids,UNKNOWN,medium (DEFINER; mitigated if strong internal auth),no,authenticated with mandatory internal role check,MEDIUM,REDUCE_ACL_IN_P1_9B,medium,direct grants: anon=true; auth=true; service=true; PUBLIC=true
public,fn_payout_room_if_full,public.fn_payout_room_if_full(p_room_id uuid),SECURITY DEFINER,no,true,true,true,true,true,no active caller found,none_found,none_found,NONE,no auth.uid / role gate in mutation body; relies on ACL + caller trust,DEFINER_PROBABLY_REQUIRED,high (DEFINER bypasses RLS by default),yes,postgres + service_role,CRITICAL,REVIEW_FUNCTION_AUTHORIZATION,medium,P1.8 candidate-unused (not removable); direct grants: anon=true; auth=true; service=true; PUBLIC=true; DEFINER without explicit search_path
public,fn_pick_dev_room_schedules,public.fn_pick_dev_room_schedules(p_limit integer),SECURITY DEFINER,no,true,true,true,true,true,Railway service_role,game-engine; game-engine .rpc,none_found,NONE,service-role/cron assumed; no end-user authorization in body,DEFINER_PROBABLY_REQUIRED,high (DEFINER bypasses RLS by default),no,postgres + service_role,HIGH,REVIEW_FUNCTION_AUTHORIZATION,medium,direct grants: anon=true; auth=true; service=true; PUBLIC=true; DEFINER without explicit search_path
public,fn_ping_presence,public.fn_ping_presence(),SECURITY DEFINER,no,false,true,true,true,true,authenticated player,app/lib/services; app/api|services|lib .rpc,none_found,PARTIAL,auth.uid and/or status checks; incomplete privilege model or caller-supplied ids,UNKNOWN,medium (DEFINER; mitigated if strong internal auth),no,authenticated with mandatory internal role check,MEDIUM,REMOVE_PUBLIC_DEFAULT_GRANT_IN_FUTURE,medium,direct grants: anon=true; auth=true; service=true; PUBLIC=false; DEFINER without explicit search_path
public,fn_player_game_stats,"public.fn_player_game_stats(p_user_id uuid, p_from timestamp with time zone, p_to timestamp with time zone)",SECURITY DEFINER,yes,true,true,true,true,true,no active caller found,none_found,none_found,PARTIAL,auth.uid referenced; raise/guard patterns,UNKNOWN,medium (DEFINER; mitigated if strong internal auth),no,manual review required,MEDIUM,MANUAL_REVIEW_REQUIRED,low,direct grants: anon=true; auth=true; service=true; PUBLIC=true
public,fn_player_purchase_history,"public.fn_player_purchase_history(p_user_id uuid, p_from timestamp with time zone, p_to timestamp with time zone)",SECURITY INVOKER,no,true,true,true,true,true,no active caller found,none_found,none_found,NOT_APPLICABLE,INVOKER SQL helper; relies on caller privileges/RLS,NOT_APPLICABLE,low (INVOKER),no,manual review required,MEDIUM,MANUAL_REVIEW_REQUIRED,low,direct grants: anon=true; auth=true; service=true; PUBLIC=true
public,fn_player_stats,"public.fn_player_stats(p_user_id uuid, p_date timestamp with time zone)",SECURITY DEFINER,yes,true,true,true,true,true,no active caller found,none_found,none_found,UNKNOWN,body not fully reviewed this pass,UNKNOWN,medium (DEFINER; mitigated if strong internal auth),no,manual review required,HIGH,MANUAL_REVIEW_REQUIRED,low,direct grants: anon=true; auth=true; service=true; PUBLIC=true
public,fn_process_draw_jobs_batch,public.fn_process_draw_jobs_batch(),SECURITY INVOKER,no,false,false,false,true,true,migration/rollback only,none_found,none_found,NOT_APPLICABLE,quarantined; service_role/postgres only ACL,NOT_APPLICABLE,low (INVOKER),no,postgres + service_role,LOW,KEEP_CURRENT_ACL,high,P1.7 quarantined; KEEP_CURRENT_ACL; direct grants: anon=false; auth=false; service=true; PUBLIC=false
public,fn_process_draw_jobs_batch_worker,"public.fn_process_draw_jobs_batch_worker(p_worker_id integer, p_total_workers integer)",SECURITY INVOKER,no,false,false,false,true,true,migration/rollback only,none_found,none_found,NOT_APPLICABLE,quarantined; service_role/postgres only ACL,NOT_APPLICABLE,low (INVOKER),no,postgres + service_role,LOW,KEEP_CURRENT_ACL,high,P1.7 quarantined; KEEP_CURRENT_ACL; direct grants: anon=false; auth=false; service=true; PUBLIC=false
public,fn_rooms_by_ids,"public.fn_rooms_by_ids(p_room_ids uuid[], p_template_ids uuid[])",SECURITY INVOKER,no,true,true,true,true,true,no active caller found,none_found,none_found,NOT_APPLICABLE,INVOKER SQL helper; relies on caller privileges/RLS,NOT_APPLICABLE,low (INVOKER),no,manual review required,MEDIUM,MANUAL_REVIEW_REQUIRED,low,direct grants: anon=true; auth=true; service=true; PUBLIC=true
public,fn_system_join_or_create_room,"public.fn_system_join_or_create_room(p_user_id uuid, p_template_id uuid, p_card_count integer, p_password text)",SECURITY DEFINER,yes,true,true,true,true,true,Railway service_role,game-engine; game-engine .rpc,none_found,NONE,service-role/cron assumed; no end-user authorization in body,DEFINER_PROBABLY_REQUIRED,high (DEFINER bypasses RLS by default),no,postgres + service_role,HIGH,REVIEW_FUNCTION_AUTHORIZATION,medium,direct grants: anon=true; auth=true; service=true; PUBLIC=true
public,fn_tick_due_tournaments,"public.fn_tick_due_tournaments(p_limit integer, p_seed bigint, p_batch_tables integer)",SECURITY DEFINER,yes,true,true,true,true,true,Railway service_role,game-engine; game-engine .rpc,none_found,NONE,service-role/cron assumed; no end-user authorization in body,DEFINER_PROBABLY_REQUIRED,high (DEFINER bypasses RLS by default),no,postgres + service_role,HIGH,REVIEW_FUNCTION_AUTHORIZATION,medium,direct grants: anon=true; auth=true; service=true; PUBLIC=true
public,fn_tick_tournament,"public.fn_tick_tournament(p_tournament_id uuid, p_seed bigint, p_batch_tables integer[])",SECURITY DEFINER,yes,true,true,true,true,true,Railway service_role,game-engine; game-engine .rpc,none_found,NONE,service-role/cron assumed; no end-user authorization in body,DEFINER_PROBABLY_REQUIRED,high (DEFINER bypasses RLS by default),no,postgres + service_role,HIGH,REVIEW_FUNCTION_AUTHORIZATION,medium,direct grants: anon=true; auth=true; service=true; PUBLIC=true
public,fn_tournament_entry_upsert,"public.fn_tournament_entry_upsert(p_tournament_id uuid, p_user_id uuid, p_qty integer, p_amount numeric, p_status tournament_entry_status)",SECURITY DEFINER,yes,true,true,true,true,true,no active caller found,none_found,none_found,UNKNOWN,body not fully reviewed this pass,UNKNOWN,medium (DEFINER; mitigated if strong internal auth),no,manual review required,HIGH,MANUAL_REVIEW_REQUIRED,low,P1.8 candidate-unused (not removable); direct grants: anon=true; auth=true; service=true; PUBLIC=true
public,fn_tournament_wallet_capture,"public.fn_tournament_wallet_capture(p_tournament_id uuid, p_entry_id uuid, p_amount numeric, p_currency text)",SECURITY DEFINER,no,true,true,true,true,true,no active caller found,none_found,none_found,UNKNOWN,body not fully reviewed this pass,DEFINER_PROBABLY_REQUIRED,high (DEFINER bypasses RLS by default),yes,postgres + service_role,HIGH,REVIEW_SECURITY_DEFINER,low,direct grants: anon=true; auth=true; service=true; PUBLIC=true; DEFINER without explicit search_path
public,fn_tournament_wallet_hold,"public.fn_tournament_wallet_hold(p_tournament_id uuid, p_qty integer, p_currency text, p_entry_id uuid)",SECURITY DEFINER,yes,true,true,true,true,true,authenticated player,app/lib/services; app/api|services|lib .rpc,none_found,PARTIAL,auth.uid and/or status checks; incomplete privilege model or caller-supplied ids,DEFINER_PROBABLY_REQUIRED,high (DEFINER bypasses RLS by default),yes,authenticated with mandatory internal role check,HIGH,REDUCE_ACL_IN_P1_9B,medium,direct grants: anon=true; auth=true; service=true; PUBLIC=true
public,fn_tournament_wallet_release,"public.fn_tournament_wallet_release(p_tournament_id uuid, p_currency text, p_entry_id uuid)",SECURITY DEFINER,yes,true,true,true,true,true,authenticated player,app/lib/services; app/api|services|lib .rpc,none_found,PARTIAL,auth.uid and/or status checks; incomplete privilege model or caller-supplied ids,DEFINER_PROBABLY_REQUIRED,high (DEFINER bypasses RLS by default),yes,authenticated with mandatory internal role check,HIGH,REDUCE_ACL_IN_P1_9B,medium,direct grants: anon=true; auth=true; service=true; PUBLIC=true
public,fn_try_mark_template_inactive_if_drained,public.fn_try_mark_template_inactive_if_drained(p_template_id uuid),SECURITY DEFINER,no,true,true,true,true,true,no active caller found,none_found,none_found,UNKNOWN,body not fully reviewed this pass,UNKNOWN,medium (DEFINER; mitigated if strong internal auth),no,manual review required,HIGH,REVIEW_SECURITY_DEFINER,low,direct grants: anon=true; auth=true; service=true; PUBLIC=true; DEFINER without explicit search_path
public,fn_wallet_apply_delta,"public.fn_wallet_apply_delta(p_user_id uuid, p_currency text, p_amount_delta numeric, p_transaction_type transaction_type, p_source_kind text, p_source_ref text, p_description text, p_meta jsonb, p_allow_negative boolean)",SECURITY DEFINER,no,true,true,true,true,true,Railway service_role; authenticated admin,game-engine;app/lib/services; game-engine .rpc; app/api|services|lib .rpc,none_found,NONE,no auth.uid / role gate in mutation body; relies on ACL + caller trust,DEFINER_PROBABLY_REQUIRED,high (DEFINER bypasses RLS by default),yes,postgres + service_role,CRITICAL,REVIEW_FUNCTION_AUTHORIZATION,medium,direct grants: anon=true; auth=true; service=true; PUBLIC=true; DEFINER without explicit search_path
public,fn_wallet_transfer_panel,"public.fn_wallet_transfer_panel(p_target_id uuid, p_amount bigint, p_action text, p_description text, p_meta jsonb)",SECURITY DEFINER,no,false,true,true,true,true,authenticated admin; authenticated agent; authenticated super admin,app/lib/services; app/api|services|lib .rpc,none_found,STRONG,auth.uid + role/ownership checks observed in body,DEFINER_PROBABLY_REQUIRED,high (DEFINER bypasses RLS by default),yes,authenticated with mandatory internal role check,HIGH,REVIEW_SECURITY_DEFINER,medium,direct grants: anon=true; auth=true; service=true; PUBLIC=false; DEFINER without explicit search_path
public,fn_wallet_transfer_panel,"public.fn_wallet_transfer_panel(p_target_id uuid, p_currency text, p_amount bigint, p_direction text, p_description text)",SECURITY DEFINER,yes,true,true,true,true,true,authenticated admin; authenticated agent; authenticated super admin,app/lib/services; app/api|services|lib .rpc,none_found,STRONG,auth.uid + role/ownership checks observed in body,DEFINER_PROBABLY_REQUIRED,high (DEFINER bypasses RLS by default),yes,authenticated with mandatory internal role check,HIGH,REDUCE_ACL_IN_P1_9B,medium,direct grants: anon=true; auth=true; service=true; PUBLIC=true
public,fn_wallet_transfer_panel_bulk,"public.fn_wallet_transfer_panel_bulk(p_target_ids uuid[], p_currency text, p_amount bigint, p_direction text, p_description text)",SECURITY DEFINER,yes,true,true,true,true,true,no active caller found,none_found,none_found,STRONG,auth.uid + role/ownership checks observed in body,DEFINER_PROBABLY_REQUIRED,high (DEFINER bypasses RLS by default),yes,authenticated with mandatory internal role check,HIGH,REDUCE_ACL_IN_P1_9B,medium,direct grants: anon=true; auth=true; service=true; PUBLIC=true
public,get_daily_leaders,public.get_daily_leaders(limit_count integer),SECURITY DEFINER,no,true,true,true,true,true,authenticated player,app/lib/services; app/api|services|lib .rpc,none_found,UNKNOWN,body not fully reviewed this pass,UNKNOWN,medium (DEFINER; mitigated if strong internal auth),no,authenticated,HIGH,REVIEW_SECURITY_DEFINER,low,direct grants: anon=true; auth=true; service=true; PUBLIC=true; DEFINER without explicit search_path
public,get_daily_leaders_by_date,"public.get_daily_leaders_by_date(target_date date, limit_count integer)",SECURITY DEFINER,no,true,true,true,true,true,authenticated player,app/lib/services; app/api|services|lib .rpc,none_found,UNKNOWN,body not fully reviewed this pass,UNKNOWN,medium (DEFINER; mitigated if strong internal auth),no,authenticated,HIGH,REVIEW_SECURITY_DEFINER,low,direct grants: anon=true; auth=true; service=true; PUBLIC=true; DEFINER without explicit search_path
public,get_total_balances_by_role,public.get_total_balances_by_role(),SECURITY DEFINER,no,true,true,true,true,true,no active caller found,none_found,none_found,STRONG,auth.uid referenced; role/admin keywords; raise/guard patterns,DEFINER_PROBABLY_REQUIRED,high (DEFINER bypasses RLS by default),yes,postgres + service_role,HIGH,REVIEW_SECURITY_DEFINER,medium,direct grants: anon=true; auth=true; service=true; PUBLIC=true; DEFINER without explicit search_path
public,get_weekly_leaders,public.get_weekly_leaders(limit_count integer),SECURITY DEFINER,no,true,true,true,true,true,authenticated player,app/lib/services; app/api|services|lib .rpc,none_found,UNKNOWN,body not fully reviewed this pass,UNKNOWN,medium (DEFINER; mitigated if strong internal auth),no,authenticated,HIGH,REVIEW_SECURITY_DEFINER,low,direct grants: anon=true; auth=true; service=true; PUBLIC=true; DEFINER without explicit search_path
public,handle_new_user,public.handle_new_user(),SECURITY DEFINER,no,true,true,true,true,true,trigger; anonymous web client; authenticated player,none_found,trigger:trigger,NOT_APPLICABLE,trigger context; EXECUTE by role rarely used,DEFINER_REQUIRED,medium (DEFINER; mitigated if strong internal auth),no,trigger/internal only,MEDIUM,REMOVE_PUBLIC_DEFAULT_GRANT_IN_FUTURE,medium,direct grants: anon=true; auth=true; service=true; PUBLIC=true; DEFINER without explicit search_path
public,is_admin_active,public.is_admin_active(),SECURITY DEFINER,yes,true,true,true,true,true,no active caller found,none_found,none_found,STRONG,auth.uid + role/ownership checks observed in body,DEFINER_PROBABLY_REQUIRED,high (explicit row_security off / role tricks),privileged,manual review required,MEDIUM,MANUAL_REVIEW_REQUIRED,low,direct grants: anon=true; auth=true; service=true; PUBLIC=true
public,is_tournament_participant,public.is_tournament_participant(p_tournament_id uuid),SECURITY DEFINER,yes,true,true,true,true,true,no active caller found,none_found,none_found,PARTIAL,auth.uid referenced; guard strength not confirmed as authorization,UNKNOWN,high (explicit row_security off / role tricks),no,manual review required,MEDIUM,MANUAL_REVIEW_REQUIRED,low,direct grants: anon=true; auth=true; service=true; PUBLIC=true
public,load_test_cleanup,public.load_test_cleanup(p_tag text),SECURITY DEFINER,yes,false,true,true,true,true,Railway service_role,game-engine; game-engine .rpc,none_found,NONE,service-role/cron assumed; no end-user authorization in body,DEFINER_PROBABLY_REQUIRED,high (DEFINER bypasses RLS by default),privileged,postgres + service_role,HIGH,REVIEW_FUNCTION_AUTHORIZATION,medium,direct grants: anon=true; auth=true; service=true; PUBLIC=false
public,load_test_seed_playing_rooms,"public.load_test_seed_playing_rooms(p_room_count integer, p_tickets_per_room integer, p_draw_interval_sec integer, p_tag text)",SECURITY DEFINER,yes,false,true,true,true,true,Railway service_role,game-engine; game-engine .rpc,none_found,NONE,service-role/cron assumed; no end-user authorization in body,DEFINER_PROBABLY_REQUIRED,high (DEFINER bypasses RLS by default),privileged,postgres + service_role,HIGH,REVIEW_FUNCTION_AUTHORIZATION,medium,direct grants: anon=true; auth=true; service=true; PUBLIC=false
public,make_short_id_from_uuid,public.make_short_id_from_uuid(p_id uuid),SECURITY INVOKER,no,true,true,true,true,true,no active caller found,none_found,none_found,UNKNOWN,body not fully reviewed this pass,NOT_APPLICABLE,low (INVOKER),no,manual review required,MEDIUM,MANUAL_REVIEW_REQUIRED,low,P1.8 candidate-unused (not removable); direct grants: anon=true; auth=true; service=true; PUBLIC=true
public,rpc_apply_ding_credits_for_draw,"public.rpc_apply_ding_credits_for_draw(p_room_id uuid, p_draw_number integer, p_ding_per_card integer, p_credits jsonb)",SECURITY DEFINER,yes,true,true,true,true,true,Railway service_role,game-engine; game-engine .rpc,none_found,NONE,no auth.uid / role gate in mutation body; relies on ACL + caller trust,DEFINER_PROBABLY_REQUIRED,high (DEFINER bypasses RLS by default),yes,postgres + service_role,CRITICAL,REVIEW_FUNCTION_AUTHORIZATION,medium,direct grants: anon=true; auth=true; service=true; PUBLIC=true
public,rpc_apply_marks_for_draw,"public.rpc_apply_marks_for_draw(p_room_id uuid, p_draw_number integer)",SECURITY INVOKER,no,true,true,true,true,true,Railway service_role; another database function,game-engine; game-engine .rpc,fn_process_draw_jobs_batch*,NONE,service-role/cron assumed; no end-user authorization in body,NOT_APPLICABLE,low (INVOKER),no,postgres + service_role,HIGH,REVIEW_FUNCTION_AUTHORIZATION,medium,direct grants: anon=true; auth=true; service=true; PUBLIC=true
public,rpc_backfill_missed_engine_ding,public.rpc_backfill_missed_engine_ding(p_room_id uuid),SECURITY DEFINER,yes,false,true,true,true,true,no active caller found,none_found,none_found,UNKNOWN,body not fully reviewed this pass,DEFINER_PROBABLY_REQUIRED,high (DEFINER bypasses RLS by default),yes,postgres + service_role,HIGH,REDUCE_ACL_IN_P1_9B,low,direct grants: anon=true; auth=true; service=true; PUBLIC=false
public,rpc_claim_game_room,"public.rpc_claim_game_room(p_room_id uuid, p_owner_id text, p_lease_seconds integer)",SECURITY DEFINER,yes,true,true,true,true,true,Railway service_role,game-engine; game-engine .rpc,none_found,NONE,no auth.uid / role gate in mutation body; relies on ACL + caller trust,DEFINER_PROBABLY_REQUIRED,high (DEFINER bypasses RLS by default),no,postgres + service_role,CRITICAL,REVIEW_FUNCTION_AUTHORIZATION,medium,direct grants: anon=true; auth=true; service=true; PUBLIC=true
public,rpc_finalize_engine_draw_job,"public.rpc_finalize_engine_draw_job(p_job_id bigint, p_room_id uuid, p_draw_number integer, p_marks jsonb, p_results jsonb, p_set_first_line_draw_number boolean, p_ding_per_card integer, p_credits jsonb, p_queue_wait_ms integer, p_processing_ms integer, p_drain_started_at timestamp with time zone, p_first_picked_at timestamp with time zone, p_handler_started_at timestamp with time zone, p_actor_evaluate_started_at timestamp with time zone, p_actor_finalize_started_at timestamp with time zone, p_owner_id text, p_lease_epoch bigint)",SECURITY DEFINER,yes,true,true,true,true,true,Railway service_role,game-engine; game-engine .rpc,none_found,NONE,no auth.uid / role gate in mutation body; relies on ACL + caller trust,DEFINER_PROBABLY_REQUIRED,high (DEFINER bypasses RLS by default),no,postgres + service_role,CRITICAL,REVIEW_FUNCTION_AUTHORIZATION,medium,direct grants: anon=true; auth=true; service=true; PUBLIC=true
public,rpc_find_claimable_playing_rooms,public.rpc_find_claimable_playing_rooms(p_limit integer),SECURITY DEFINER,yes,true,true,true,true,true,Railway service_role,game-engine; game-engine .rpc,none_found,NONE,no auth.uid / role gate in mutation body; relies on ACL + caller trust,DEFINER_PROBABLY_REQUIRED,high (DEFINER bypasses RLS by default),no,postgres + service_role,HIGH,REVIEW_FUNCTION_AUTHORIZATION,medium,direct grants: anon=true; auth=true; service=true; PUBLIC=true
public,rpc_has_earlier_unprocessed_draw,"public.rpc_has_earlier_unprocessed_draw(p_room_id uuid, p_draw_number integer)",SECURITY DEFINER,yes,true,true,true,true,true,Railway service_role,game-engine; game-engine .rpc,none_found,NONE,service-role/cron assumed; no end-user authorization in body,DEFINER_PROBABLY_REQUIRED,high (DEFINER bypasses RLS by default),no,postgres + service_role,HIGH,REVIEW_FUNCTION_AUTHORIZATION,medium,direct grants: anon=true; auth=true; service=true; PUBLIC=true
public,rpc_insert_draw_if_ready,"public.rpc_insert_draw_if_ready(p_room_id uuid, p_number integer, p_now timestamp with time zone, p_draw_interval_sec integer)",SECURITY DEFINER,yes,true,true,true,true,true,Railway service_role,game-engine; game-engine .rpc,none_found,NONE,no auth.uid / role gate in mutation body; relies on ACL + caller trust,DEFINER_PROBABLY_REQUIRED,high (DEFINER bypasses RLS by default),no,postgres + service_role,CRITICAL,REVIEW_FUNCTION_AUTHORIZATION,medium,direct grants: anon=true; auth=true; service=true; PUBLIC=true
public,rpc_insert_draw_if_ready_owner_guard,"public.rpc_insert_draw_if_ready_owner_guard(p_room_id uuid, p_number integer, p_now timestamp with time zone, p_owner_id text, p_draw_interval_sec integer, p_actor_due_at timestamp with time zone, p_lease_epoch bigint)",SECURITY DEFINER,yes,true,true,true,true,true,Railway service_role,game-engine; game-engine .rpc,none_found,NONE,no auth.uid / role gate in mutation body; relies on ACL + caller trust,DEFINER_PROBABLY_REQUIRED,high (DEFINER bypasses RLS by default),no,postgres + service_role,CRITICAL,REVIEW_FUNCTION_AUTHORIZATION,medium,direct grants: anon=true; auth=true; service=true; PUBLIC=true
public,rpc_pick_draw_jobs,public.rpc_pick_draw_jobs(p_limit integer),SECURITY DEFINER,yes,true,true,true,true,true,Railway service_role; another database function,game-engine; game-engine .rpc,fn_process_draw_jobs_batch*,NONE,no auth.uid / role gate in mutation body; relies on ACL + caller trust,DEFINER_PROBABLY_REQUIRED,high (DEFINER bypasses RLS by default),no,postgres + service_role,HIGH,REVIEW_FUNCTION_AUTHORIZATION,medium,direct grants: anon=true; auth=true; service=true; PUBLIC=true
public,rpc_register_player,"public.rpc_register_player(p_username text, p_referral_code text)",SECURITY DEFINER,yes,true,true,true,true,true,anonymous web client; authenticated player,none_found,none_found,STRONG,auth.uid + role/ownership checks observed in body,DEFINER_PROBABLY_REQUIRED,medium (DEFINER; mitigated if strong internal auth),no,anon + authenticated,MEDIUM,KEEP_CURRENT_ACL,medium,direct grants: anon=true; auth=true; service=true; PUBLIC=true
public,rpc_release_game_room,"public.rpc_release_game_room(p_room_id uuid, p_owner_id text, p_lease_epoch bigint)",SECURITY DEFINER,yes,true,true,true,true,true,Railway service_role,game-engine; game-engine .rpc,none_found,NONE,no auth.uid / role gate in mutation body; relies on ACL + caller trust,DEFINER_PROBABLY_REQUIRED,high (DEFINER bypasses RLS by default),no,postgres + service_role,HIGH,REVIEW_FUNCTION_AUTHORIZATION,medium,direct grants: anon=true; auth=true; service=true; PUBLIC=true
public,rpc_renew_game_room_lease,"public.rpc_renew_game_room_lease(p_room_id uuid, p_owner_id text, p_lease_seconds integer, p_lease_epoch bigint)",SECURITY DEFINER,yes,true,true,true,true,true,Railway service_role,game-engine; game-engine .rpc,none_found,NONE,no auth.uid / role gate in mutation body; relies on ACL + caller trust,DEFINER_PROBABLY_REQUIRED,high (DEFINER bypasses RLS by default),no,postgres + service_role,HIGH,REVIEW_FUNCTION_AUTHORIZATION,medium,direct grants: anon=true; auth=true; service=true; PUBLIC=true
public,rpc_requeue_failed_draw_jobs,public.rpc_requeue_failed_draw_jobs(),SECURITY DEFINER,yes,true,true,true,true,true,another database function; cron/postgres,none_found,none_found,UNKNOWN,body not fully reviewed this pass,UNKNOWN,medium (DEFINER; mitigated if strong internal auth),no,manual review required,HIGH,MANUAL_REVIEW_REQUIRED,low,direct grants: anon=true; auth=true; service=true; PUBLIC=true
public,set_updated_at,public.set_updated_at(),SECURITY INVOKER,no,true,true,true,true,true,trigger,none_found,trigger:trigger,NOT_APPLICABLE,trigger context; EXECUTE by role rarely used,NOT_APPLICABLE,low (INVOKER),no,trigger/internal only,MEDIUM,REMOVE_PUBLIC_DEFAULT_GRANT_IN_FUTURE,medium,direct grants: anon=true; auth=true; service=true; PUBLIC=true
public,set_user_profiles_updated_at,public.set_user_profiles_updated_at(),SECURITY INVOKER,no,true,true,true,true,true,trigger,none_found,trigger:trigger,NOT_APPLICABLE,trigger context; EXECUTE by role rarely used,NOT_APPLICABLE,low (INVOKER),no,trigger/internal only,MEDIUM,REMOVE_PUBLIC_DEFAULT_GRANT_IN_FUTURE,medium,direct grants: anon=true; auth=true; service=true; PUBLIC=true
public,test_active_cards_bypass_rls,public.test_active_cards_bypass_rls(p_room_id uuid),SECURITY DEFINER,yes,false,true,true,true,true,no active caller found,none_found,none_found,UNKNOWN,body not fully reviewed this pass,UNKNOWN,medium (DEFINER; mitigated if strong internal auth),privileged,manual review required,HIGH,MANUAL_REVIEW_REQUIRED,low,P1.8 candidate-unused (not removable); direct grants: anon=true; auth=true; service=true; PUBLIC=false
public,test_constraint_resolution,public.test_constraint_resolution(),SECURITY INVOKER,yes,true,true,true,true,true,no active caller found,none_found,none_found,UNKNOWN,body not fully reviewed this pass,NOT_APPLICABLE,low (INVOKER),privileged,manual review required,HIGH,MANUAL_REVIEW_REQUIRED,low,P1.8 candidate-unused (not removable); direct grants: anon=true; auth=true; service=true; PUBLIC=true
public,trg_debug_rooms_status,public.trg_debug_rooms_status(),SECURITY DEFINER,no,true,true,true,true,true,trigger,none_found,trigger:trigger,NOT_APPLICABLE,trigger context; EXECUTE by role rarely used,DEFINER_REQUIRED,medium (DEFINER; mitigated if strong internal auth),privileged,trigger/internal only,MEDIUM,REMOVE_PUBLIC_DEFAULT_GRANT_IN_FUTURE,medium,direct grants: anon=true; auth=true; service=true; PUBLIC=true; DEFINER without explicit search_path
public,trg_rooms_status_template_draining,public.trg_rooms_status_template_draining(),SECURITY DEFINER,no,true,true,true,true,true,trigger,none_found,trigger:trigger,NOT_APPLICABLE,trigger context; EXECUTE by role rarely used,DEFINER_REQUIRED,medium (DEFINER; mitigated if strong internal auth),no,trigger/internal only,MEDIUM,REMOVE_PUBLIC_DEFAULT_GRANT_IN_FUTURE,medium,direct grants: anon=true; auth=true; service=true; PUBLIC=true; DEFINER without explicit search_path
public,trg_sync_room_winners_from_results,public.trg_sync_room_winners_from_results(),SECURITY INVOKER,no,true,true,true,true,true,trigger,none_found,trigger:trigger,NOT_APPLICABLE,trigger context; EXECUTE by role rarely used,NOT_APPLICABLE,low (INVOKER),no,trigger/internal only,MEDIUM,REMOVE_PUBLIC_DEFAULT_GRANT_IN_FUTURE,medium,direct grants: anon=true; auth=true; service=true; PUBLIC=true
public,update_admin_permissions_updated_at,public.update_admin_permissions_updated_at(),SECURITY INVOKER,no,true,true,true,true,true,trigger,none_found,trigger:trigger,NOT_APPLICABLE,trigger context; EXECUTE by role rarely used,NOT_APPLICABLE,low (INVOKER),privileged,trigger/internal only,MEDIUM,REMOVE_PUBLIC_DEFAULT_GRANT_IN_FUTURE,medium,direct grants: anon=true; auth=true; service=true; PUBLIC=true
public,update_dev_player_configs_updated_at,public.update_dev_player_configs_updated_at(),SECURITY INVOKER,no,true,true,true,true,true,trigger,none_found,trigger:trigger,NOT_APPLICABLE,trigger context; EXECUTE by role rarely used,NOT_APPLICABLE,low (INVOKER),no,trigger/internal only,MEDIUM,REMOVE_PUBLIC_DEFAULT_GRANT_IN_FUTURE,medium,direct grants: anon=true; auth=true; service=true; PUBLIC=true
public,update_dev_player_join_preset_template_limits_updated_at,public.update_dev_player_join_preset_template_limits_updated_at(),SECURITY INVOKER,no,true,true,true,true,true,trigger,none_found,trigger:trigger,NOT_APPLICABLE,trigger context; EXECUTE by role rarely used,NOT_APPLICABLE,low (INVOKER),no,trigger/internal only,MEDIUM,REMOVE_PUBLIC_DEFAULT_GRANT_IN_FUTURE,medium,direct grants: anon=true; auth=true; service=true; PUBLIC=true
public,update_dev_player_join_presets_updated_at,public.update_dev_player_join_presets_updated_at(),SECURITY INVOKER,no,true,true,true,true,true,trigger,none_found,trigger:trigger,NOT_APPLICABLE,trigger context; EXECUTE by role rarely used,NOT_APPLICABLE,low (INVOKER),no,trigger/internal only,MEDIUM,REMOVE_PUBLIC_DEFAULT_GRANT_IN_FUTURE,medium,direct grants: anon=true; auth=true; service=true; PUBLIC=true
public,update_dev_player_settings_updated_at,public.update_dev_player_settings_updated_at(),SECURITY INVOKER,no,true,true,true,true,true,trigger,none_found,trigger:trigger,NOT_APPLICABLE,trigger context; EXECUTE by role rarely used,NOT_APPLICABLE,low (INVOKER),no,trigger/internal only,MEDIUM,REMOVE_PUBLIC_DEFAULT_GRANT_IN_FUTURE,medium,direct grants: anon=true; auth=true; service=true; PUBLIC=true
public,update_dev_player_template_room_limits_updated_at,public.update_dev_player_template_room_limits_updated_at(),SECURITY INVOKER,no,true,true,true,true,true,trigger,none_found,trigger:trigger,NOT_APPLICABLE,trigger context; EXECUTE by role rarely used,NOT_APPLICABLE,low (INVOKER),no,trigger/internal only,MEDIUM,REMOVE_PUBLIC_DEFAULT_GRANT_IN_FUTURE,medium,direct grants: anon=true; auth=true; service=true; PUBLIC=true
public,update_ding_balance,"public.update_ding_balance(p_user_id uuid, p_amount numeric)",SECURITY INVOKER,no,true,true,true,true,true,no active caller found,none_found,none_found,NONE,no auth.uid / role gate in mutation body; relies on ACL + caller trust,NOT_APPLICABLE,low (INVOKER),yes,postgres + service_role,CRITICAL,REVIEW_FUNCTION_AUTHORIZATION,medium,P1.8 candidate-unused (not removable); direct grants: anon=true; auth=true; service=true; PUBLIC=true
public,update_entry_banners_updated_at,public.update_entry_banners_updated_at(),SECURITY INVOKER,no,true,true,true,true,true,trigger,none_found,trigger:trigger,NOT_APPLICABLE,trigger context; EXECUTE by role rarely used,NOT_APPLICABLE,low (INVOKER),no,trigger/internal only,MEDIUM,REMOVE_PUBLIC_DEFAULT_GRANT_IN_FUTURE,medium,direct grants: anon=true; auth=true; service=true; PUBLIC=true
public,update_user_notes_updated_at,public.update_user_notes_updated_at(),SECURITY INVOKER,no,true,true,true,true,true,trigger,none_found,trigger:trigger,NOT_APPLICABLE,trigger context; EXECUTE by role rarely used,NOT_APPLICABLE,low (INVOKER),no,trigger/internal only,MEDIUM,REMOVE_PUBLIC_DEFAULT_GRANT_IN_FUTURE,medium,direct grants: anon=true; auth=true; service=true; PUBLIC=true
tournament,_assert_registration_open,tournament._assert_registration_open(p_tournament_id uuid),SECURITY INVOKER,no,true,true,true,true,true,another database function,none_found,none_found,UNKNOWN,body not fully reviewed this pass,NOT_APPLICABLE,low (INVOKER),no,manual review required,MEDIUM,MANUAL_REVIEW_REQUIRED,low,direct grants: anon=false; auth=false; service=false; PUBLIC=true
tournament,_assert_status,"tournament._assert_status(p_tournament_id uuid, p_allowed tournament_status[])",SECURITY INVOKER,no,true,true,true,true,true,another database function,none_found,none_found,UNKNOWN,body not fully reviewed this pass,NOT_APPLICABLE,low (INVOKER),no,manual review required,MEDIUM,MANUAL_REVIEW_REQUIRED,low,direct grants: anon=false; auth=false; service=false; PUBLIC=true
tournament,_assert_tournament_exists,tournament._assert_tournament_exists(p_tournament_id uuid),SECURITY INVOKER,no,true,true,true,true,true,another database function,none_found,none_found,UNKNOWN,body not fully reviewed this pass,NOT_APPLICABLE,low (INVOKER),no,manual review required,MEDIUM,MANUAL_REVIEW_REQUIRED,low,direct grants: anon=false; auth=false; service=false; PUBLIC=true
tournament,buy_tickets,"tournament.buy_tickets(p_tournament_id uuid, p_delta integer)",SECURITY DEFINER,no,true,true,true,true,true,another database function; authenticated player,none_found,none_found,PARTIAL,auth.uid and/or status checks; incomplete privilege model or caller-supplied ids,DEFINER_PROBABLY_REQUIRED,high (DEFINER bypasses RLS by default),yes,authenticated with mandatory internal role check,HIGH,REVIEW_SECURITY_DEFINER,medium,direct grants: anon=false; auth=true; service=false; PUBLIC=true; DEFINER without explicit search_path
tournament,cancel_registration,tournament.cancel_registration(p_tournament_id uuid),SECURITY DEFINER,no,true,true,true,true,true,another database function; authenticated player,none_found,none_found,PARTIAL,auth.uid and/or status checks; incomplete privilege model or caller-supplied ids,UNKNOWN,medium (DEFINER; mitigated if strong internal auth),no,authenticated with mandatory internal role check,MEDIUM,REDUCE_ACL_IN_P1_9B,medium,direct grants: anon=false; auth=true; service=false; PUBLIC=true; DEFINER without explicit search_path
tournament,capture_entry_locks,tournament.capture_entry_locks(p_tournament_id uuid),SECURITY DEFINER,no,true,true,true,true,true,another database function; authenticated player,none_found,none_found,STRONG,auth.uid referenced; role/admin keywords; raise/guard patterns,DEFINER_PROBABLY_REQUIRED,high (DEFINER bypasses RLS by default),yes,postgres + service_role,HIGH,REVIEW_SECURITY_DEFINER,medium,direct grants: anon=false; auth=true; service=false; PUBLIC=true; DEFINER without explicit search_path
tournament,close_registration,tournament.close_registration(p_tournament_id uuid),SECURITY DEFINER,no,true,true,true,true,true,another database function; authenticated player,none_found,none_found,UNKNOWN,body not fully reviewed this pass,UNKNOWN,medium (DEFINER; mitigated if strong internal auth),no,manual review required,HIGH,REVIEW_SECURITY_DEFINER,low,direct grants: anon=false; auth=true; service=false; PUBLIC=true; DEFINER without explicit search_path
tournament,fn_admin_create_tournament,tournament.fn_admin_create_tournament(p_payload jsonb),SECURITY DEFINER,yes,true,true,true,true,true,authenticated admin,app/lib/services; app/api|services|lib .rpc,none_found,STRONG,auth.uid + role/ownership checks observed in body,DEFINER_PROBABLY_REQUIRED,medium (DEFINER; mitigated if strong internal auth),privileged,authenticated with mandatory internal role check,MEDIUM,REDUCE_ACL_IN_P1_9B,medium,direct grants: anon=false; auth=true; service=false; PUBLIC=true
tournament,fn_admin_delete_tournament,tournament.fn_admin_delete_tournament(p_tournament_id uuid),SECURITY DEFINER,yes,true,true,true,true,true,authenticated admin,app/lib/services; app/api|services|lib .rpc,none_found,STRONG,auth.uid + role/ownership checks observed in body,DEFINER_PROBABLY_REQUIRED,medium (DEFINER; mitigated if strong internal auth),privileged,authenticated with mandatory internal role check,MEDIUM,REDUCE_ACL_IN_P1_9B,medium,direct grants: anon=false; auth=true; service=false; PUBLIC=true
tournament,fn_admin_refund_cancelled_tournament,tournament.fn_admin_refund_cancelled_tournament(p_tournament_id uuid),SECURITY DEFINER,yes,true,true,true,true,true,another database function; authenticated player,none_found,none_found,STRONG,auth.uid referenced; role/admin keywords; raise/guard patterns,DEFINER_PROBABLY_REQUIRED,high (DEFINER bypasses RLS by default),yes,authenticated with mandatory internal role check,HIGH,REDUCE_ACL_IN_P1_9B,medium,direct grants: anon=false; auth=false; service=false; PUBLIC=true
tournament,fn_admin_set_tournament_status,"tournament.fn_admin_set_tournament_status(p_tournament_id uuid, p_status tournament_status)",SECURITY DEFINER,no,true,true,true,true,true,authenticated admin,app/lib/services; app/api|services|lib .rpc,none_found,STRONG,auth.uid + role/ownership checks observed in body,DEFINER_PROBABLY_REQUIRED,medium (DEFINER; mitigated if strong internal auth),privileged,authenticated with mandatory internal role check,MEDIUM,REDUCE_ACL_IN_P1_9B,medium,direct grants: anon=false; auth=true; service=false; PUBLIC=true; DEFINER without explicit search_path
tournament,fn_admin_update_tournament,"tournament.fn_admin_update_tournament(p_tournament_id uuid, p_patch jsonb)",SECURITY DEFINER,yes,true,true,true,true,true,authenticated admin,app/lib/services; app/api|services|lib .rpc,none_found,STRONG,auth.uid + role/ownership checks observed in body,DEFINER_PROBABLY_REQUIRED,medium (DEFINER; mitigated if strong internal auth),privileged,authenticated with mandatory internal role check,MEDIUM,REDUCE_ACL_IN_P1_9B,medium,direct grants: anon=false; auth=true; service=false; PUBLIC=true
tournament,fn_assign_templates_for_round,"tournament.fn_assign_templates_for_round(p_tournament_id uuid, p_round_no integer, p_batch_tables integer[])",SECURITY INVOKER,no,true,true,true,true,true,another database function,none_found,none_found,UNKNOWN,body not fully reviewed this pass,NOT_APPLICABLE,low (INVOKER),no,manual review required,MEDIUM,MANUAL_REVIEW_REQUIRED,low,direct grants: anon=false; auth=false; service=false; PUBLIC=true
tournament,fn_burn_ding_locks,tournament.fn_burn_ding_locks(p_tournament_id uuid),SECURITY DEFINER,yes,true,true,true,true,true,another database function; authenticated player,none_found,none_found,UNKNOWN,body not fully reviewed this pass,DEFINER_PROBABLY_REQUIRED,high (DEFINER bypasses RLS by default),yes,postgres + service_role,HIGH,REDUCE_ACL_IN_P1_9B,low,direct grants: anon=false; auth=false; service=false; PUBLIC=true
tournament,fn_calc_commission,"tournament.fn_calc_commission(p_tournament_id uuid, p_user_id uuid, p_gross numeric)",SECURITY DEFINER,no,true,true,true,true,true,another database function; authenticated player,none_found,none_found,STRONG,role/admin keywords; raise/guard patterns,DEFINER_PROBABLY_REQUIRED,high (DEFINER bypasses RLS by default),yes,postgres + service_role,HIGH,REVIEW_SECURITY_DEFINER,medium,direct grants: anon=false; auth=false; service=false; PUBLIC=true; DEFINER without explicit search_path
tournament,fn_capture_entry_locks,tournament.fn_capture_entry_locks(p_tournament_id uuid),SECURITY DEFINER,yes,true,true,true,true,true,another database function; authenticated player,none_found,none_found,UNKNOWN,body not fully reviewed this pass,DEFINER_PROBABLY_REQUIRED,high (DEFINER bypasses RLS by default),yes,postgres + service_role,HIGH,REDUCE_ACL_IN_P1_9B,low,direct grants: anon=false; auth=false; service=false; PUBLIC=true
tournament,fn_commission_payout,"tournament.fn_commission_payout(p_tournament_id uuid, p_entry_id uuid)",SECURITY DEFINER,yes,true,true,true,true,true,another database function; authenticated player,none_found,none_found,STRONG,role/admin keywords; raise/guard patterns,DEFINER_PROBABLY_REQUIRED,high (DEFINER bypasses RLS by default),yes,postgres + service_role,HIGH,REDUCE_ACL_IN_P1_9B,medium,direct grants: anon=false; auth=false; service=false; PUBLIC=true
tournament,fn_commission_snapshot,"tournament.fn_commission_snapshot(p_tournament_id uuid, p_entry_id uuid)",SECURITY DEFINER,yes,true,true,true,true,true,another database function; authenticated player,none_found,none_found,STRONG,role/admin keywords; raise/guard patterns,DEFINER_PROBABLY_REQUIRED,high (DEFINER bypasses RLS by default),yes,postgres + service_role,HIGH,REDUCE_ACL_IN_P1_9B,medium,direct grants: anon=false; auth=false; service=false; PUBLIC=true
tournament,fn_commission_snapshot_entry,"tournament.fn_commission_snapshot_entry(p_tournament_id uuid, p_entry_id uuid)",SECURITY DEFINER,yes,true,true,true,true,true,another database function; authenticated player,none_found,none_found,STRONG,role/admin keywords; raise/guard patterns,DEFINER_PROBABLY_REQUIRED,high (DEFINER bypasses RLS by default),yes,postgres + service_role,HIGH,REDUCE_ACL_IN_P1_9B,medium,direct grants: anon=false; auth=false; service=false; PUBLIC=true
tournament,fn_create_or_get_table_template,"tournament.fn_create_or_get_table_template(p_tournament_id uuid, p_round_no integer, p_table_no integer)",SECURITY INVOKER,no,true,true,true,true,true,another database function,none_found,none_found,UNKNOWN,body not fully reviewed this pass,NOT_APPLICABLE,low (INVOKER),no,manual review required,MEDIUM,MANUAL_REVIEW_REQUIRED,low,direct grants: anon=false; auth=false; service=false; PUBLIC=true
tournament,fn_create_rooms_for_round,"tournament.fn_create_rooms_for_round(p_tournament_id uuid, p_round_no integer, p_force_pool_id uuid)",SECURITY DEFINER,no,true,true,true,true,true,another database function,none_found,none_found,UNKNOWN,body not fully reviewed this pass,UNKNOWN,medium (DEFINER; mitigated if strong internal auth),no,manual review required,HIGH,REVIEW_SECURITY_DEFINER,low,direct grants: anon=false; auth=false; service=false; PUBLIC=true; DEFINER without explicit search_path
tournament,fn_join_table,"tournament.fn_join_table(p_tournament_id uuid, p_round_no integer, p_table_no integer, p_user_id uuid, p_card_count integer)",SECURITY DEFINER,no,true,true,true,true,true,another database function,none_found,none_found,UNKNOWN,body not fully reviewed this pass,UNKNOWN,high (explicit row_security off / role tricks),no,manual review required,HIGH,REVIEW_SECURITY_DEFINER,low,direct grants: anon=false; auth=false; service=false; PUBLIC=true; DEFINER without explicit search_path
tournament,fn_manage_tournament_cycle,"tournament.fn_manage_tournament_cycle(p_tournament_id uuid, p_seed bigint)",SECURITY INVOKER,no,true,true,true,true,true,another database function,none_found,none_found,UNKNOWN,body not fully reviewed this pass,NOT_APPLICABLE,low (INVOKER),no,manual review required,MEDIUM,MANUAL_REVIEW_REQUIRED,low,direct grants: anon=false; auth=false; service=false; PUBLIC=true
tournament,fn_payout_tournament,tournament.fn_payout_tournament(p_tournament_id uuid),SECURITY DEFINER,yes,true,true,true,true,true,another database function; authenticated player,none_found,none_found,UNKNOWN,body not fully reviewed this pass,DEFINER_PROBABLY_REQUIRED,high (DEFINER bypasses RLS by default),yes,postgres + service_role,HIGH,REDUCE_ACL_IN_P1_9B,low,direct grants: anon=false; auth=false; service=false; PUBLIC=true
tournament,fn_pick_admin_user,tournament.fn_pick_admin_user(p_admin_user uuid),SECURITY DEFINER,no,true,true,true,true,true,another database function; authenticated player,none_found,none_found,UNKNOWN,body not fully reviewed this pass,DEFINER_PROBABLY_REQUIRED,medium (DEFINER; mitigated if strong internal auth),privileged,manual review required,HIGH,REVIEW_SECURITY_DEFINER,low,direct grants: anon=false; auth=false; service=false; PUBLIC=true; DEFINER without explicit search_path
tournament,fn_seat_players_for_round,"tournament.fn_seat_players_for_round(p_tournament_id uuid, p_round_no integer, p_batch_tables integer)",SECURITY DEFINER,no,true,true,true,true,true,another database function,none_found,none_found,PARTIAL,auth.uid referenced; raise/guard patterns,UNKNOWN,high (explicit row_security off / role tricks),no,manual review required,MEDIUM,MANUAL_REVIEW_REQUIRED,low,direct grants: anon=false; auth=false; service=false; PUBLIC=true; DEFINER without explicit search_path
tournament,fn_seat_table_players,"tournament.fn_seat_table_players(p_tournament_id uuid, p_round_no integer, p_table_no integer)",SECURITY INVOKER,no,true,true,true,true,true,another database function,none_found,none_found,UNKNOWN,body not fully reviewed this pass,NOT_APPLICABLE,low (INVOKER),no,manual review required,MEDIUM,MANUAL_REVIEW_REQUIRED,low,direct grants: anon=false; auth=false; service=false; PUBLIC=true
tournament,fn_settle_commission_payouts,tournament.fn_settle_commission_payouts(p_tournament_id uuid),SECURITY DEFINER,yes,true,true,true,true,true,another database function; authenticated player,none_found,none_found,PARTIAL,role-related keywords present,DEFINER_PROBABLY_REQUIRED,high (DEFINER bypasses RLS by default),yes,postgres + service_role,HIGH,REDUCE_ACL_IN_P1_9B,medium,direct grants: anon=false; auth=false; service=false; PUBLIC=true
tournament,fn_tick_due_tournaments,"tournament.fn_tick_due_tournaments(p_limit integer, p_seed bigint, p_batch_tables integer)",SECURITY DEFINER,yes,true,true,true,true,true,Railway service_role,game-engine; game-engine .rpc,none_found,NONE,service-role/cron assumed; no end-user authorization in body,DEFINER_PROBABLY_REQUIRED,high (DEFINER bypasses RLS by default),no,postgres + service_role,HIGH,REVIEW_FUNCTION_AUTHORIZATION,medium,direct grants: anon=false; auth=false; service=false; PUBLIC=true
tournament,fn_tick_tournament,"tournament.fn_tick_tournament(p_tournament_id uuid, p_seed bigint, p_batch_tables integer[])",SECURITY DEFINER,yes,true,true,true,true,true,Railway service_role,game-engine; game-engine .rpc,none_found,NONE,service-role/cron assumed; no end-user authorization in body,DEFINER_PROBABLY_REQUIRED,high (DEFINER bypasses RLS by default),no,postgres + service_role,HIGH,REVIEW_FUNCTION_AUTHORIZATION,medium,direct grants: anon=false; auth=false; service=false; PUBLIC=true
tournament,fn_tick_tournament_batch,"tournament.fn_tick_tournament_batch(p_tournament_id uuid, p_seed text, p_batch_tables integer[])",SECURITY DEFINER,no,true,true,true,true,true,another database function,none_found,none_found,UNKNOWN,body not fully reviewed this pass,UNKNOWN,medium (DEFINER; mitigated if strong internal auth),no,manual review required,HIGH,REVIEW_SECURITY_DEFINER,low,direct grants: anon=false; auth=false; service=false; PUBLIC=true; DEFINER without explicit search_path
tournament,fn_wallet_capture_join,"tournament.fn_wallet_capture_join(p_tournament_id uuid, p_entry_id uuid, p_amount numeric, p_currency text)",SECURITY DEFINER,yes,true,true,true,true,true,another database function; authenticated player,none_found,none_found,NONE,no auth.uid / role gate in mutation body; relies on ACL + caller trust,DEFINER_PROBABLY_REQUIRED,high (DEFINER bypasses RLS by default),yes,postgres + service_role,CRITICAL,REVIEW_FUNCTION_AUTHORIZATION,medium,direct grants: anon=false; auth=false; service=false; PUBLIC=true
tournament,get_my_registration,tournament.get_my_registration(p_tournament_id uuid),SECURITY DEFINER,no,true,true,true,true,true,another database function; authenticated player,none_found,none_found,PARTIAL,auth.uid and/or status checks; incomplete privilege model or caller-supplied ids,UNKNOWN,medium (DEFINER; mitigated if strong internal auth),no,authenticated with mandatory internal role check,MEDIUM,REDUCE_ACL_IN_P1_9B,medium,direct grants: anon=false; auth=true; service=false; PUBLIC=true; DEFINER without explicit search_path
tournament,open_registration,tournament.open_registration(p_tournament_id uuid),SECURITY DEFINER,no,true,true,true,true,true,another database function; authenticated player,none_found,none_found,STRONG,auth.uid referenced; role/admin keywords; raise/guard patterns,UNKNOWN,medium (DEFINER; mitigated if strong internal auth),no,authenticated with mandatory internal role check,MEDIUM,REDUCE_ACL_IN_P1_9B,medium,direct grants: anon=false; auth=true; service=false; PUBLIC=true; DEFINER without explicit search_path
tournament,release_entry_locks,tournament.release_entry_locks(p_tournament_id uuid),SECURITY DEFINER,no,true,true,true,true,true,another database function; authenticated player,none_found,none_found,UNKNOWN,body not fully reviewed this pass,DEFINER_PROBABLY_REQUIRED,high (DEFINER bypasses RLS by default),yes,postgres + service_role,HIGH,REVIEW_SECURITY_DEFINER,low,direct grants: anon=false; auth=true; service=false; PUBLIC=true; DEFINER without explicit search_path
tournament,sync_my_entry_lock,tournament.sync_my_entry_lock(p_tournament_id uuid),SECURITY DEFINER,no,true,true,true,true,true,another database function; authenticated player,none_found,none_found,PARTIAL,auth.uid and/or status checks; incomplete privilege model or caller-supplied ids,UNKNOWN,medium (DEFINER; mitigated if strong internal auth),no,authenticated with mandatory internal role check,MEDIUM,REDUCE_ACL_IN_P1_9B,medium,direct grants: anon=false; auth=true; service=false; PUBLIC=true; DEFINER without explicit search_path
tournament,trg_guard_tournament_entry_mutations,tournament.trg_guard_tournament_entry_mutations(),SECURITY DEFINER,yes,true,true,true,true,true,trigger,none_found,trigger:trigger,NOT_APPLICABLE,trigger context; EXECUTE by role rarely used,DEFINER_REQUIRED,medium (DEFINER; mitigated if strong internal auth),no,trigger/internal only,MEDIUM,REMOVE_PUBLIC_DEFAULT_GRANT_IN_FUTURE,medium,direct grants: anon=false; auth=false; service=false; PUBLIC=true
tournament,trg_on_entry_cancel_cleanup,tournament.trg_on_entry_cancel_cleanup(),SECURITY DEFINER,yes,true,true,true,true,true,trigger,none_found,trigger:trigger,NOT_APPLICABLE,trigger context; EXECUTE by role rarely used,DEFINER_REQUIRED,medium (DEFINER; mitigated if strong internal auth),no,trigger/internal only,MEDIUM,REMOVE_PUBLIC_DEFAULT_GRANT_IN_FUTURE,medium,direct grants: anon=false; auth=false; service=false; PUBLIC=true
tournament,trg_te_commission_snapshot,tournament.trg_te_commission_snapshot(),SECURITY DEFINER,yes,true,true,true,true,true,trigger,none_found,trigger:trigger,NOT_APPLICABLE,trigger context; EXECUTE by role rarely used,DEFINER_REQUIRED,high (DEFINER bypasses RLS by default),yes,trigger/internal only,HIGH,REMOVE_PUBLIC_DEFAULT_GRANT_IN_FUTURE,medium,direct grants: anon=false; auth=false; service=false; PUBLIC=true
tournament,trg_tournament_entries_snapshot_bd,tournament.trg_tournament_entries_snapshot_bd(),SECURITY DEFINER,yes,true,true,true,true,true,trigger,none_found,trigger:trigger,NOT_APPLICABLE,trigger context; EXECUTE by role rarely used,DEFINER_REQUIRED,medium (DEFINER; mitigated if strong internal auth),no,trigger/internal only,MEDIUM,REMOVE_PUBLIC_DEFAULT_GRANT_IN_FUTURE,medium,direct grants: anon=false; auth=false; service=false; PUBLIC=true